timestamp,source_ip,destination_ip,port,protocol,packet_count,duration,failed_attempts,label,source_ip_encoded,destination_ip_encoded,protocol_ICMP,protocol_TCP,protocol_UDP,port_scaled,packet_count_scaled,duration_scaled,failed_attempts_scaled,source_ip_encoded_scaled,destination_ip_encoded_scaled,hour,minute,is_business_hours,connection_frequency,unique_destination_count,unique_port_count,port_usage_count,avg_session_duration_by_ip,failed_attempts_by_ip,packets_per_second,rule_triggered,rule_based_alert,detection_method
2026-04-01 00:18:00,203.0.113.21,172.16.0.13,21,TCP,464.0,0.92,11,attack,3405803797,2886729741,0,1,0,-0.4425170141539779,1.1473439158320076,-1.086722987811835,0.7275160379885725,3.3195226704765974,-1.217369805950646,0,18,0,8,8,5,1,0.5983700000000001,281,503.800217155266,Access to restricted port; Repeated failed login attempts,True,rule_based
2026-04-01 00:24:00,10.0.1.74,172.16.0.6,3306,TCP,32.0,11.94,0,normal,167772490,2886729734,0,1,0,1.1065966049318507,-0.28669821796598177,1.4795974427786076,-0.2889291708050942,-0.3012479974924997,-1.522671775960559,0,24,0,7,7,4,1,7.153714285714286,2,2.679842559249644,Access to restricted port,True,rule_based
2026-04-01 00:26:00,10.0.0.170,172.16.0.39,3306,TCP,28.0,3.168,0,normal,167772330,2886729767,0,1,0,1.1065966049318507,-0.2999763858715187,-0.5632122502467428,-0.2889291708050942,-0.30124817640470036,-0.08339106019953996,0,26,0,7,7,4,1,8.103714285714286,0,8.835594824865888,Access to restricted port,True,rule_based
2026-04-01 00:27:00,10.0.1.91,172.16.0.76,3306,TCP,32.0,4.251,0,normal,167772507,2886729804,0,1,0,1.1065966049318507,-0.28669821796598177,-0.3110048975852682,-0.2889291708050942,-0.3012479784830784,1.5303479241385722,0,27,0,10,10,5,1,4.8556,1,7.5258701787394156,Access to restricted port,True,rule_based
2026-04-01 00:48:00,203.0.113.22,172.16.0.39,3389,TCP,518.0,0.624,49,attack,3405803798,2886729767,0,1,0,1.145737070802208,1.3265991825567565,-1.1556550066371318,4.238872213821239,3.3195226715947985,-0.08339106019953996,0,48,0,9,7,6,2,0.6967777777777777,398,828.8,Access to restricted port; Repeated failed login attempts,True,rule_based
2026-04-01 00:54:00,203.0.113.12,172.16.0.79,5900,UDP,1464.0,1.127,29,attack,3405803788,2886729807,0,0,1,2.3298540563500056,4.466885892216243,-1.0385171503225228,2.3907900160145723,3.3195226604127863,1.6611916255713923,0,54,0,9,9,4,3,0.4834355555555556,377,1297.872340425532,Access to restricted port; Repeated failed login attempts,True,rule_based
2026-04-01 00:57:00,203.0.113.31,172.16.0.70,6667,TCP,1623.1199999999972,1.054,31,attack,3405803807,2886729798,0,1,0,2.691549686742344,4.995091411498493,-1.0555172765868694,2.575598235795239,3.31952268165861,1.2686605212729325,0,57,0,8,7,6,1,0.59862,257,1538.5023696682438,Access to restricted port; Repeated failed login attempts,True,rule_based
2026-04-01 01:17:00,203.0.113.19,172.16.0.37,23,TCP,1251.0,0.204,12,attack,3405803795,2886729765,0,1,0,-0.44157387039806567,3.7598234512464,-1.2534639522676205,0.8199201478789058,3.319522668240195,-0.17062019448808655,1,17,0,5,4,3,2,0.567,185,6102.439024390244,Access to restricted port; Repeated failed login attempts,True,rule_based
2026-04-01 01:19:00,10.0.1.27,172.16.0.46,3306,UDP,34.0,8.612,0,normal,167772443,2886729774,0,0,1,1.1065966049318507,-0.2800591340132133,0.7045779878779731,-0.2889291708050942,-0.3012480500479586,0.22191090981037317,1,19,0,5,5,4,1,5.2058,0,3.9475211889004993,Access to restricted port,True,rule_based
2026-04-01 01:21:00,203.0.113.18,172.16.0.38,23,TCP,1369.0,1.044,39,attack,3405803794,2886729766,0,1,0,-0.44157387039806567,4.15152940445974,-1.057846061006643,3.3148311149179057,3.3195226671219937,-0.12700562734381327,1,21,0,10,9,7,2,0.700096,292,1310.0478468899523,Access to restricted port; Repeated failed login attempts,True,rule_based
2026-04-01 01:29:00,203.0.113.13,172.16.0.29,23,TCP,1393.0,0.759,10,attack,3405803789,2886729757,0,1,0,-0.44157387039806567,4.2311984118929615,-1.124216416970189,0.6351119280982391,3.3195226615309874,-0.519536731642273,1,29,0,10,10,5,2,0.9763999999999999,306,1832.8947368421052,Access to restricted port; Repeated failed login attempts,True,rule_based
2026-04-01 01:35:00,10.0.0.122,172.16.0.15,3306,TCP,36.0,0.576,0,normal,167772282,2886729743,0,1,0,1.1065966049318507,-0.27342005006044484,-1.1668331718520448,-0.2889291708050942,-0.30124823007836055,-1.1301406716620992,1,35,0,8,8,3,2,6.178875,0,62.39168110918545,Access to restricted port,True,rule_based
2026-04-01 01:39:00,203.0.113.23,172.16.0.32,3389,UDP,917.0,1.101,56,attack,3405803799,2886729760,0,0,1,1.145737070802208,2.6510964311340657,-1.0445719898139338,4.885700983053572,3.319522672713,-0.38869303020945306,1,39,0,8,8,4,3,0.783875,286,832.1234119782215,Access to restricted port; Repeated failed login attempts,True,rule_based
2026-04-01 01:41:00,203.0.113.32,172.16.0.18,3389,TCP,780.0,0.562,21,attack,3405803808,2886729746,0,1,0,1.145737070802208,2.1963191803694255,-1.1700934700397276,1.6515571368919058,3.319522682776811,-0.9992969702292793,1,41,0,11,10,5,2,0.6670872727272728,320,1385.4351687388987,Access to restricted port; Repeated failed login attempts,True,rule_based
2026-04-01 01:48:00,203.0.113.26,172.16.0.43,4444,TCP,1623.1199999999972,0.195,56,attack,3405803802,2886729771,0,1,0,1.6432454020459064,4.995091411498493,-1.2555598582454166,4.885700983053572,3.3195226760676038,0.09106720837755326,1,48,0,12,12,5,3,0.4252466666666666,451,8281.224489795904,Access to restricted port; Repeated failed login attempts,True,rule_based
2026-04-01 01:59:00,10.0.0.49,172.16.0.76,3306,TCP,31.0,10.939,0,normal,167772209,2886729804,0,1,0,1.1065966049318507,-0.290017759942366,1.2464861223592762,-0.2889291708050942,-0.3012483117070521,1.5303479241385722,1,59,0,6,6,3,1,8.360878333333332,1,2.83363802559415,Access to restricted port,True,rule_based
2026-04-01 02:04:00,203.0.113.22,172.16.0.74,25,TCP,1551.0,0.614,54,attack,3405803798,2886729802,0,1,0,-0.4406307266421534,4.755686044161671,-1.1579837910569053,4.700892763272906,3.3195226715947985,1.4431187898500257,2,4,0,9,7,6,1,0.6967777777777777,398,2521.951219512195,Access to restricted port; Repeated failed login attempts,True,rule_based
2026-04-01 02:35:00,10.0.1.24,172.16.0.46,3306,TCP,39.0,3.433,0,normal,167772440,2886729774,0,1,0,1.1065966049318507,-0.26346142413129214,-0.5014994631227441,-0.2889291708050942,-0.3012480534025624,0.22191090981037317,2,35,0,6,6,3,2,5.525333333333333,0,11.357018054746652,Access to restricted port,True,rule_based
2026-04-01 02:36:00,203.0.113.33,172.16.0.6,5900,TCP,1513.0,0.983,56,attack,3405803809,2886729734,0,1,0,2.3298540563500056,4.62954344905907,-1.0720516459672618,4.885700983053572,3.3195226838950123,-1.522671775960559,2,36,0,7,6,5,2,0.70714,200,1537.6016260162603,Access to restricted port; Repeated failed login attempts,True,rule_based
2026-04-01 03:11:00,203.0.113.27,172.16.0.49,23,UDP,547.0,0.923,42,attack,3405803803,2886729777,0,0,1,-0.44157387039806567,1.4228658998718993,-1.086024352485903,3.5920434445889056,3.319522677185805,0.3527546112431931,3,11,0,4,4,4,1,0.79475,203,591.991341991342,Access to restricted port; Repeated failed login attempts,True,rule_based
2026-04-01 03:29:00,203.0.113.16,172.16.0.71,23,TCP,841.0,0.446,23,attack,3405803792,2886729799,0,1,0,-0.44157387039806567,2.398811240928864,-1.197107369309101,1.8363653566725724,3.319522664885591,1.3122750884172059,3,29,0,5,5,3,3,0.47939999999999994,207,1881.4317673378075,Access to restricted port; Repeated failed login attempts,True,rule_based
2026-04-01 03:34:00,203.0.113.30,172.16.0.42,5900,TCP,531.0,0.778,44,attack,3405803806,2886729770,0,1,0,2.3298540563500056,1.3697532282497513,-1.1197917265726192,3.776851664369572,3.3195226805404086,0.04745264123327996,3,34,0,9,8,7,1,0.589,280,681.6431322207959,Access to restricted port; Repeated failed login attempts,True,rule_based
2026-04-01 03:36:00,203.0.113.30,172.16.0.36,6667,TCP,1623.1199999999972,0.79,9,attack,3405803806,2886729764,0,1,0,2.691549686742344,4.995091411498493,-1.116997185268891,0.5427078182079058,3.3195226805404086,-0.21423476163235985,3,36,0,9,8,7,1,0.589,280,2051.9848293299583,Access to restricted port; Repeated failed login attempts,True,rule_based
2026-04-01 04:00:00,203.0.113.29,172.16.0.16,21,TCP,441.0,0.355,16,attack,3405803805,2886729744,0,1,0,-0.4425170141539779,1.0709944503751703,-1.21829930752904,1.189536587440239,3.3195226794222075,-1.086526104517826,4,0,0,11,11,7,2,0.38517454545454544,432,1238.7640449438202,Access to restricted port; Repeated failed login attempts,True,rule_based
2026-04-01 04:09:00,203.0.113.17,172.16.0.78,5900,UDP,1623.1199999999972,0.229,32,attack,3405803793,2886729806,0,0,1,2.3298540563500056,4.995091411498493,-1.2476419912181866,2.6680023456855726,3.319522666003792,1.617577058427119,4,9,0,8,8,5,1,0.702875,245,7057.043478260857,Access to restricted port; Repeated failed login attempts,True,rule_based
2026-04-01 04:21:00,10.0.0.73,172.16.0.36,3306,TCP,37.0,2.959,1,normal,167772233,2886729764,0,1,0,1.1065966049318507,-0.2701005080840606,-0.6118838446200099,-0.1965250609147609,-0.301248284870222,-0.21423476163235985,4,21,0,3,3,3,1,7.1803333333333335,1,12.5,Access to restricted port,True,rule_based
2026-04-01 04:27:00,203.0.113.21,172.16.0.80,3389,UDP,303.0,0.933,54,attack,3405803797,2886729808,0,0,1,1.145737070802208,0.6128976576341458,-1.0836955680661293,4.700892763272906,3.3195226704765974,1.7048061927156655,4,27,0,8,8,5,2,0.5983700000000001,281,324.41113490364023,Access to restricted port; Repeated failed login attempts,True,rule_based
2026-04-01 04:31:00,203.0.113.26,172.16.0.5,4444,UDP,1600.0,0.17298,41,attack,3405803802,2886729733,0,0,1,1.6432454020459064,4.918343601004498,-1.260687841537758,3.499639334698572,3.3195226760676038,-1.5662863431048324,4,31,0,12,12,5,3,0.4252466666666666,451,9196.45936314519,Access to restricted port; Repeated failed login attempts,True,rule_based
2026-04-01 04:36:00,203.0.113.22,172.16.0.43,4444,TCP,1040.0,0.269,56,attack,3405803798,2886729771,0,1,0,1.6432454020459064,3.0594000942293267,-1.2383268535390926,4.885700983053572,3.3195226715947985,0.09106720837755326,4,36,0,9,7,6,2,0.6967777777777777,398,3851.8518518518517,Access to restricted port; Repeated failed login attempts,True,rule_based
2026-04-01 04:53:00,203.0.113.31,172.16.0.44,21,TCP,1623.1199999999972,1.056,34,attack,3405803807,2886729772,0,1,0,-0.4425170141539779,4.995091411498493,-1.0550515197029149,2.852810565466239,3.31952268165861,0.13468177552182659,4,53,0,8,7,6,1,0.59862,257,1535.591296121095,Access to restricted port; Repeated failed login attempts,True,rule_based
2026-04-01 04:55:00,203.0.113.14,172.16.0.74,25,TCP,684.0,1.19,28,attack,3405803790,2886729802,0,1,0,-0.4406307266421534,1.8776431506365392,-1.0238458084779496,2.2983859061242393,3.3195226626491885,1.4431187898500257,4,55,0,8,8,5,3,0.53687,309,574.3073047858943,Access to restricted port; Repeated failed login attempts,True,rule_based
2026-04-01 05:00:00,203.0.113.34,172.16.0.64,5900,TCP,1623.1199999999972,0.17298,56,attack,3405803810,2886729792,0,1,0,2.3298540563500056,4.995091411498493,-1.260687841537758,4.885700983053572,3.319522685013214,1.0069731184072928,5,0,0,9,9,5,1,0.5548822222222223,286,9329.34820094262,Access to restricted port; Repeated failed login attempts,True,rule_based
2026-04-01 05:10:00,203.0.113.34,172.16.0.42,3389,TCP,704.0,0.17298,10,attack,3405803810,2886729770,0,1,0,1.145737070802208,1.9440339901642238,-1.260687841537758,0.6351119280982391,3.319522685013214,0.04745264123327996,5,10,0,9,9,5,3,0.5548822222222223,286,4046.4421197838833,Access to restricted port; Repeated failed login attempts,True,rule_based
2026-04-01 05:19:00,10.0.1.69,172.16.0.57,3306,TCP,32.0,7.778,0,normal,167772485,2886729785,0,1,0,1.1065966049318507,-0.28669821796598177,0.5103573672688596,-0.2889291708050942,-0.30124800308350597,0.7016711483973795,5,19,0,7,6,3,1,5.422142857142857,1,4.113639285255174,Access to restricted port,True,rule_based
2026-04-01 05:42:00,203.0.113.27,172.16.0.62,25,UDP,1318.0,0.184,56,attack,3405803803,2886729790,0,0,1,-0.4406307266421534,3.982232763664144,-1.2581215211071677,4.885700983053572,3.319522677185805,0.919743984118746,5,42,0,4,4,4,1,0.79475,203,7124.324324324324,Access to restricted port; Repeated failed login attempts,True,rule_based
2026-04-01 05:44:00,203.0.113.30,172.16.0.38,3389,TCP,1335.0,0.279,8,attack,3405803806,2886729766,0,1,0,1.145737070802208,4.038664977262676,-1.235998069119319,0.45030370831757244,3.3195226805404086,-0.12700562734381327,5,44,0,9,8,7,2,0.589,280,4767.857142857142,Access to restricted port; Repeated failed login attempts,True,rule_based
2026-04-01 06:04:00,203.0.113.18,172.16.0.8,4444,UDP,886.0,0.41,34,attack,3405803794,2886729736,0,0,1,1.6432454020459064,2.5481906298661547,-1.2054909932202855,2.852810565466239,3.3195226671219937,-1.4354426416720123,6,4,0,10,9,7,1,0.700096,292,2155.7177615571777,Access to restricted port; Repeated failed login attempts,True,rule_based
2026-04-01 06:05:00,203.0.113.10,172.16.0.4,6667,ICMP,393.0,0.3,42,attack,3405803786,2886729732,1,0,0,2.691549686742344,0.911656435508727,-1.2311076218377945,3.5920434445889056,3.3195226581763837,-1.6099009102491055,6,5,0,9,8,6,2,0.66922,306,1305.6478405315615,Access to restricted port; Repeated failed login attempts,True,rule_based
2026-04-01 06:09:00,203.0.113.31,172.16.0.18,5900,TCP,267.0,0.445,56,attack,3405803807,2886729746,0,1,0,2.3298540563500056,0.4933941464843134,-1.1973402477510782,4.885700983053572,3.31952268165861,-0.9992969702292793,6,9,0,8,7,6,1,0.59862,257,598.6547085201794,Access to restricted port; Repeated failed login attempts,True,rule_based
2026-04-01 06:10:00,203.0.113.19,172.16.0.24,23,TCP,340.0,0.568,53,attack,3405803795,2886729752,0,1,0,-0.44157387039806567,0.7357207107603625,-1.1686961993878637,4.608488653382572,3.319522668240195,-0.7376095673636395,6,10,0,5,4,3,2,0.567,185,597.5395430579965,Access to restricted port; Repeated failed login attempts,True,rule_based
2026-04-01 06:24:00,203.0.113.15,172.16.0.30,4444,TCP,1231.0,0.692,43,attack,3405803791,2886729758,0,1,0,1.6432454020459064,3.6934326117187157,-1.1398192725826717,3.684447554479239,3.31952266376739,-0.4759221644979997,6,24,0,11,10,6,2,0.6446363636363637,431,1776.3347763347765,Access to restricted port; Repeated failed login attempts,True,rule_based
2026-04-01 06:29:00,203.0.113.24,172.16.0.17,6667,UDP,431.0,0.976,48,attack,3405803800,2886729745,0,0,1,2.691549686742344,1.0377990306113278,-1.073681795061103,4.146468103930905,3.319522673831201,-1.0429115373735527,6,29,0,10,9,6,1,0.6437,423,441.14636642784035,Access to restricted port; Repeated failed login attempts,True,rule_based
2026-04-01 06:48:00,10.0.1.138,172.16.0.12,3306,TCP,34.0,0.818,0,normal,167772554,2886729740,0,1,0,1.1065966049318507,-0.2800591340132133,-1.1104765888935253,-0.2889291708050942,-0.30124792592761945,-1.2609843730949193,6,48,0,5,5,4,1,3.4598,1,41.514041514041516,Access to restricted port,True,rule_based
2026-04-01 06:52:00,203.0.113.15,172.16.0.39,23,TCP,392.0,0.983,12,attack,3405803791,2886729767,0,1,0,-0.44157387039806567,0.9083368935323428,-1.0720516459672618,0.8199201478789058,3.31952266376739,-0.08339106019953996,6,52,0,11,10,6,3,0.6446363636363637,431,398.3739837398374,Access to restricted port; Repeated failed login attempts,True,rule_based
2026-04-01 07:06:00,203.0.113.20,172.16.0.50,25,ICMP,1517.0,0.639,50,attack,3405803796,2886729778,1,0,0,-0.4406307266421534,4.642821616964607,-1.1521618300074714,4.331276323711572,3.3195226693583963,0.3963691783874664,7,6,0,6,6,5,1,0.5741666666666667,236,2370.3125,Access to restricted port; Repeated failed login attempts,True,rule_based
2026-04-01 07:13:00,203.0.113.12,172.16.0.36,23,TCP,1315.0,0.809,51,attack,3405803788,2886729764,0,1,0,-0.44157387039806567,3.9722741377349915,-1.1125724948713214,4.4236804336019055,3.3195226604127863,-0.21423476163235985,7,13,0,9,9,4,2,0.4834355555555556,377,1623.4567901234566,Access to restricted port; Repeated failed login attempts,True,rule_based
2026-04-01 07:15:00,203.0.113.13,172.16.0.20,4444,TCP,1487.0,1.124,42,attack,3405803789,2886729748,0,1,0,1.6432454020459064,4.54323535767308,-1.0392157856484545,3.5920434445889056,3.3195226615309874,-0.9120678359407327,7,15,0,10,10,5,2,0.9763999999999999,306,1321.7777777777778,Access to restricted port; Repeated failed login attempts,True,rule_based
2026-04-01 07:33:00,10.0.0.12,172.16.0.36,3306,TCP,37.0,4.253,0,normal,167772172,2886729764,0,1,0,1.1065966049318507,-0.2701005080840606,-0.3105391407013136,-0.2889291708050942,-0.30124835308049847,-0.21423476163235985,7,33,0,4,4,4,1,5.53475,0,8.697696285848613,Access to restricted port,True,rule_based
2026-04-01 07:38:00,203.0.113.15,172.16.0.42,3389,TCP,312.0,0.767,52,attack,3405803791,2886729770,0,1,0,1.145737070802208,0.642773535421604,-1.12235338943437,4.516084543492239,3.31952266376739,0.04745264123327996,7,38,0,11,10,6,3,0.6446363636363637,431,406.25,Access to restricted port; Repeated failed login attempts,True,rule_based
2026-04-01 07:39:00,10.0.0.46,172.16.0.39,3306,TCP,28.0,5.057,0,normal,167772206,2886729767,0,1,0,1.1065966049318507,-0.2999763858715187,-0.1233048733515208,-0.2889291708050942,-0.30124831506165584,-0.08339106019953996,7,39,0,9,9,5,1,5.292222222222223,2,5.5357848952154995,Access to restricted port,True,rule_based
2026-04-01 07:42:00,203.0.113.15,172.16.0.78,6667,TCP,1623.1199999999972,0.85,42,attack,3405803791,2886729806,0,1,0,2.691549686742344,4.995091411498493,-1.10302447875025,3.5920434445889056,3.31952266376739,1.617577058427119,7,42,0,11,10,6,1,0.6446363636363637,431,1907.30904817861,Access to restricted port; Repeated failed login attempts,True,rule_based
2026-04-01 07:44:00,203.0.113.33,172.16.0.59,6667,TCP,450.0,0.186,15,attack,3405803809,2886729787,0,1,0,2.691549686742344,1.1008703281626284,-1.257655764223213,1.0971324775499058,3.3195226838950123,0.7889002826859262,7,44,0,7,6,5,1,0.70714,200,2406.4171122994653,Access to restricted port; Repeated failed login attempts,True,rule_based
2026-04-01 07:47:00,203.0.113.32,172.16.0.20,4444,TCP,1171.0,0.31,44,attack,3405803808,2886729748,0,1,0,1.6432454020459064,3.4942600931356615,-1.228778837418021,3.776851664369572,3.319522682776811,-0.9120678359407327,7,47,0,11,10,5,2,0.6670872727272728,320,3765.273311897106,Access to restricted port; Repeated failed login attempts,True,rule_based
2026-04-01 08:00:00,203.0.113.15,172.16.0.58,3389,TCP,508.0,0.602,56,attack,3405803791,2886729786,0,1,0,1.145737070802208,1.293403762792914,-1.1607783323606335,4.885700983053572,3.31952266376739,0.7452857155416528,8,0,1,11,10,6,3,0.6446363636363637,431,842.4543946932007,Access to restricted port; Repeated failed login attempts,True,rule_based
2026-04-01 08:19:00,203.0.113.12,172.16.0.54,4444,TCP,1420.0,0.17298,46,attack,3405803788,2886729782,0,1,0,1.6432454020459064,4.320826045255336,-1.260687841537758,3.961659884150239,3.3195226604127863,0.5708274469645597,8,19,1,9,9,4,3,0.4834355555555556,377,8161.8576847913555,Access to restricted port; Repeated failed login attempts,True,rule_based
2026-04-01 08:23:00,203.0.113.32,172.16.0.77,6667,TCP,1383.0,0.837,38,attack,3405803808,2886729805,0,1,0,2.691549686742344,4.198002992129119,-1.1060518984959555,3.2224270050275723,3.319522682776811,1.5739624912828456,8,23,1,11,10,5,1,0.6670872727272728,320,1650.3579952267303,Access to restricted port; Repeated failed login attempts,True,rule_based
2026-04-01 08:24:00,203.0.113.26,172.16.0.57,6667,UDP,1058.0,0.713,15,attack,3405803802,2886729785,0,0,1,2.691549686742344,3.119151849804243,-1.1349288253011474,1.0971324775499058,3.3195226760676038,0.7016711483973795,8,24,1,12,12,5,3,0.4252466666666666,451,1481.7927170868347,Access to restricted port; Repeated failed login attempts,True,rule_based
2026-04-01 08:37:00,203.0.113.11,172.16.0.19,5900,TCP,742.0,0.768,53,attack,3405803787,2886729747,0,1,0,2.3298540563500056,2.070176585266825,-1.1221205109923929,4.608488653382572,3.319522659294585,-0.9556824030850061,8,37,1,6,5,6,1,0.6531666666666667,244,964.889466840052,Access to restricted port; Repeated failed login attempts,True,rule_based
2026-04-01 08:47:00,203.0.113.14,172.16.0.61,25,TCP,1005.0,0.391,56,attack,3405803790,2886729789,0,1,0,-0.4406307266421534,2.9432161250558786,-1.2099156836178553,4.885700983053572,3.3195226626491885,0.8761294169744728,8,47,1,8,8,5,3,0.53687,309,2563.7755102040815,Access to restricted port; Repeated failed login attempts,True,rule_based
2026-04-01 08:59:00,203.0.113.13,172.16.0.17,3389,TCP,1597.0,0.826,21,attack,3405803789,2886729745,0,1,0,1.145737070802208,4.908384975075346,-1.1086135613577064,1.6515571368919058,3.3195226615309874,-1.0429115373735527,8,59,1,10,10,5,2,0.9763999999999999,306,1931.0761789600967,Access to restricted port; Repeated failed login attempts,True,rule_based
2026-04-01 09:01:00,10.0.0.25,172.16.0.25,3306,TCP,45.0,1.558,0,normal,167772185,2886729753,0,1,0,1.1065966049318507,-0.24354417227298672,-0.9381465418302831,-0.2889291708050942,-0.30124833854388217,-0.6939950002193662,9,1,1,7,7,3,1,6.041142857142857,0,28.864656831302117,Access to restricted port,True,rule_based
2026-04-01 09:03:00,203.0.113.29,172.16.0.43,4444,TCP,657.0,0.253,42,attack,3405803805,2886729771,0,1,0,1.6432454020459064,1.7880155172741647,-1.2420529086107301,3.5920434445889056,3.3195226794222075,0.09106720837755326,9,3,1,11,11,7,1,0.38517454545454544,432,2586.6141732283463,Access to restricted port; Repeated failed login attempts,True,rule_based
2026-04-01 09:08:00,10.0.0.218,172.16.0.15,3306,TCP,34.0,9.189,0,normal,167772378,2886729743,0,1,0,1.1065966049318507,-0.2800591340132133,0.8389488488989064,-0.2889291708050942,-0.3012481227310401,-1.1301406716620992,9,8,1,8,8,3,1,4.832625,0,3.699673558215452,Access to restricted port,True,rule_based
2026-04-01 09:13:00,203.0.113.15,172.16.0.30,3389,TCP,494.0,1.012,50,attack,3405803791,2886729758,0,1,0,1.145737070802208,1.2469301751235347,-1.0652981711499183,4.331276323711572,3.31952266376739,-0.4759221644979997,9,13,1,11,10,6,3,0.6446363636363637,431,487.66041461006915,Access to restricted port; Repeated failed login attempts,True,rule_based
2026-04-01 09:35:00,203.0.113.15,172.16.0.61,21,TCP,873.0,1.093,51,attack,3405803791,2886729789,0,1,0,-0.4425170141539779,2.5050365841731597,-1.0464350173497527,4.4236804336019055,3.31952266376739,0.8761294169744728,9,35,1,11,10,6,1,0.6446363636363637,431,797.9890310786107,Access to restricted port; Repeated failed login attempts,True,rule_based
2026-04-01 09:49:00,10.0.1.100,172.16.0.38,3306,TCP,28.0,11.24,0,normal,167772516,2886729766,0,1,0,1.1065966049318507,-0.2999763858715187,1.3165825333944599,-0.2889291708050942,-0.3012479684192671,-0.12700562734381327,9,49,1,5,5,4,1,8.6806,1,2.4908815941642204,Access to restricted port,True,rule_based
2026-04-01 09:51:00,10.0.1.125,172.16.0.32,3306,UDP,41.0,10.761,1,normal,167772541,2886729760,0,0,1,1.1065966049318507,-0.2568223401785237,1.205033759687307,-0.1965250609147609,-0.30124794046423575,-0.38869303020945306,9,51,1,7,5,6,1,5.074714285714285,1,3.809700799107973,Access to restricted port,True,rule_based
2026-04-01 10:14:00,203.0.113.17,172.16.0.30,21,TCP,405.0,0.383,12,attack,3405803793,2886729758,0,1,0,-0.4425170141539779,0.9514909392253378,-1.2117787111536742,0.8199201478789058,3.319522666003792,-0.4759221644979997,10,14,1,8,8,5,4,0.702875,245,1054.6875,Access to restricted port; Repeated failed login attempts,True,rule_based
2026-04-01 10:16:00,203.0.113.14,172.16.0.51,21,TCP,1540.0,0.17298,50,attack,3405803790,2886729779,0,1,0,-0.4425170141539779,4.719171082421444,-1.260687841537758,4.331276323711572,3.3195226626491885,0.4399837455317397,10,16,1,8,8,5,1,0.53687,309,8851.592137027244,Access to restricted port; Repeated failed login attempts,True,rule_based
2026-04-01 10:18:00,203.0.113.10,172.16.0.3,5900,TCP,711.0,0.17298,23,attack,3405803786,2886729731,0,1,0,2.3298540563500056,1.9672707839989134,-1.260687841537758,1.8363653566725724,3.3195226581763837,-1.653515477393379,10,18,1,9,8,6,2,0.66922,306,4086.6766294976437,Access to restricted port; Repeated failed login attempts,True,rule_based
2026-04-01 10:31:00,203.0.113.33,172.16.0.38,3389,TCP,1465.0,0.896,20,attack,3405803809,2886729766,0,1,0,1.145737070802208,4.470205434192627,-1.0923120704192915,1.5591530270015725,3.3195226838950123,-0.12700562734381327,10,31,1,7,6,5,1,0.70714,200,1633.2218506131549,Access to restricted port; Repeated failed login attempts,True,rule_based
2026-04-01 10:58:00,203.0.113.23,172.16.0.54,21,TCP,1091.0,0.913,9,attack,3405803799,2886729782,0,1,0,-0.4425170141539779,3.228696735024923,-1.0883531369056765,0.5427078182079058,3.319522672713,0.5708274469645597,10,58,1,8,8,4,2,0.783875,286,1193.6542669584244,Access to restricted port; Repeated failed login attempts,True,rule_based
2026-04-01 11:01:00,203.0.113.30,172.16.0.72,4444,TCP,913.0,0.536,43,attack,3405803806,2886729800,0,1,0,1.6432454020459064,2.637818263228529,-1.1761483095311391,3.684447554479239,3.3195226805404086,1.355889655561479,11,1,1,9,8,7,1,0.589,280,1700.1862197392923,Access to restricted port; Repeated failed login attempts,True,rule_based
2026-04-01 11:08:00,203.0.113.21,172.16.0.66,23,TCP,1034.0,1.001,28,attack,3405803797,2886729794,0,1,0,-0.44157387039806567,3.0394828423710214,-1.0678598340116694,2.2983859061242393,3.3195226704765974,1.0942022526958393,11,8,1,8,8,5,2,0.5983700000000001,281,1031.9361277445112,Access to restricted port; Repeated failed login attempts,True,rule_based
2026-04-01 11:15:00,203.0.113.31,172.16.0.46,3389,UDP,372.0,0.17298,27,attack,3405803807,2886729774,0,0,1,1.145737070802208,0.841946054004658,-1.260687841537758,2.205981796233906,3.31952268165861,0.22191090981037317,11,15,1,8,7,6,2,0.59862,257,2138.1768019312567,Access to restricted port; Repeated failed login attempts,True,rule_based
2026-04-01 11:19:00,203.0.113.21,172.16.0.15,23,TCP,1623.1199999999972,0.461,47,attack,3405803797,2886729743,0,1,0,-0.44157387039806567,4.995091411498493,-1.1936141926794406,4.054063994040572,3.3195226704765974,-1.1301406716620992,11,19,1,8,8,5,2,0.5983700000000001,281,3513.2467532467467,Access to restricted port; Repeated failed login attempts,True,rule_based
2026-04-01 11:23:00,203.0.113.28,172.16.0.6,21,TCP,559.0,0.306,32,attack,3405803804,2886729734,0,1,0,-0.4425170141539779,1.46270040358851,-1.2297103511859304,2.6680023456855726,3.3195226783040064,-1.522671775960559,11,23,1,13,12,7,5,0.664076923076923,422,1820.8469055374594,Access to restricted port; Repeated failed login attempts,True,rule_based
2026-04-01 11:31:00,203.0.113.34,172.16.0.55,3389,TCP,638.0,0.813,42,attack,3405803810,2886729783,0,1,0,1.145737070802208,1.7249442197228644,-1.111640981103412,3.5920434445889056,3.319522685013214,0.6144420141088329,11,31,1,9,9,5,3,0.5548822222222223,286,783.7837837837839,Access to restricted port; Repeated failed login attempts,True,rule_based
2026-04-01 11:41:00,10.0.1.5,172.16.0.74,3306,TCP,32.0,6.863,0,normal,167772421,2886729802,0,1,0,1.1065966049318507,-0.28669821796598177,0.2972735928595808,-0.2889291708050942,-0.3012480746483862,1.4431187898500257,11,41,1,7,7,4,1,5.245,4,4.662004662004661,Access to restricted port,True,rule_based
2026-04-01 11:42:00,10.0.0.72,172.16.0.62,3306,TCP,34.0,6.253,0,normal,167772232,2886729790,0,1,0,1.1065966049318507,-0.2800591340132133,0.1552177432533947,-0.2889291708050942,-0.30124828598842324,0.919743984118746,11,42,1,4,4,3,1,4.41425,1,5.436520626798848,Access to restricted port,True,rule_based
2026-04-01 11:43:00,203.0.113.13,172.16.0.13,25,UDP,434.0,0.965,11,attack,3405803789,2886729741,0,0,1,-0.4406307266421534,1.0477576565404807,-1.0762434579228541,0.7275160379885725,3.3195226615309874,-1.217369805950646,11,43,1,10,10,5,3,0.9763999999999999,306,449.2753623188406,Access to restricted port; Repeated failed login attempts,True,rule_based
2026-04-01 11:44:00,10.0.0.56,172.16.0.25,3306,TCP,38.0,8.885,0,normal,167772216,2886729753,0,1,0,1.1065966049318507,-0.2667809661076764,0.7681538025377908,-0.2889291708050942,-0.3012483038796433,-0.6939950002193662,11,44,1,5,5,4,1,5.2274,1,4.276389826693676,Access to restricted port,True,rule_based
2026-04-01 11:48:00,203.0.113.23,172.16.0.35,3389,TCP,1623.1199999999972,0.274,34,attack,3405803799,2886729763,0,1,0,1.145737070802208,4.995091411498493,-1.2371624613292058,2.852810565466239,3.319522672713,-0.2578493287766332,11,48,1,8,8,4,3,0.783875,286,5902.254545454534,Access to restricted port; Repeated failed login attempts,True,rule_based
2026-04-01 11:49:00,203.0.113.26,172.16.0.20,3389,TCP,416.0,0.381,12,attack,3405803802,2886729748,0,1,0,1.145737070802208,0.9880059009655644,-1.2122444680376288,0.8199201478789058,3.3195226760676038,-0.9120678359407327,11,49,1,12,12,5,4,0.4252466666666666,451,1089.0052356020942,Access to restricted port; Repeated failed login attempts,True,rule_based
2026-04-01 11:51:00,203.0.113.31,172.16.0.23,23,TCP,1587.0,0.314,28,attack,3405803807,2886729751,0,1,0,-0.44157387039806567,4.875189555311503,-1.2278473236501115,2.2983859061242393,3.31952268165861,-0.7812241345079128,11,51,1,8,7,6,2,0.59862,257,5038.095238095238,Access to restricted port; Repeated failed login attempts,True,rule_based
2026-04-01 12:10:00,203.0.113.32,172.16.0.68,21,TCP,1282.0,0.93,17,attack,3405803808,2886729796,0,1,0,-0.4425170141539779,3.8627292525143115,-1.0843942033920615,1.2819406973305725,3.319522682776811,1.181431386984386,12,10,1,11,10,5,4,0.6670872727272728,320,1377.0139634801287,Access to restricted port; Repeated failed login attempts,True,rule_based
2026-04-01 12:20:00,203.0.113.26,172.16.0.18,3389,UDP,745.0,0.209,53,attack,3405803802,2886729746,0,0,1,1.145737070802208,2.0801352111959774,-1.2522995600577338,4.608488653382572,3.3195226760676038,-0.9992969702292793,12,20,1,12,12,5,4,0.4252466666666666,451,3547.6190476190477,Access to restricted port; Repeated failed login attempts,True,rule_based
2026-04-01 12:22:00,10.0.1.12,172.16.0.72,3306,UDP,23.0,9.08,0,normal,167772428,2886729800,0,0,1,1.1065966049318507,-0.3165740957534399,0.8135650987233749,-0.2889291708050942,-0.30124806682097743,1.355889655561479,12,22,1,10,10,6,1,5.2291,1,2.5327607091729987,Access to restricted port,True,rule_based
2026-04-01 12:35:00,203.0.113.18,172.16.0.16,6667,TCP,1623.1199999999972,0.17298,18,attack,3405803794,2886729744,0,1,0,2.691549686742344,4.995091411498493,-1.260687841537758,1.374344807220906,3.3195226671219937,-1.086526104517826,12,35,1,10,9,7,2,0.700096,292,9329.34820094262,Access to restricted port; Repeated failed login attempts,True,rule_based
2026-04-01 13:05:00,203.0.113.18,172.16.0.38,25,UDP,1277.0,1.125,38,attack,3405803794,2886729766,0,0,1,-0.4406307266421534,3.8461315426323903,-1.0389829072064773,3.2224270050275723,3.3195226671219937,-0.12700562734381327,13,5,1,10,9,7,1,0.700096,292,1134.1030195381884,Access to restricted port; Repeated failed login attempts,True,rule_based
2026-04-01 13:12:00,203.0.113.14,172.16.0.20,5900,TCP,820.0,0.17298,20,attack,3405803790,2886729748,0,1,0,2.3298540563500056,2.3291008594247953,-1.260687841537758,1.5591530270015725,3.3195226626491885,-0.9120678359407327,13,12,1,8,8,5,1,0.53687,309,4713.18542361191,Access to restricted port; Repeated failed login attempts,True,rule_based
2026-04-01 13:13:00,203.0.113.28,172.16.0.24,5900,TCP,418.0,0.515,23,attack,3405803804,2886729752,0,1,0,2.3298540563500056,0.9946449849183329,-1.1810387568126635,1.8363653566725724,3.3195226783040064,-0.7376095673636395,13,13,1,13,12,7,3,0.664076923076923,422,810.077519379845,Access to restricted port; Repeated failed login attempts,True,rule_based
2026-04-01 13:23:00,203.0.113.31,172.16.0.23,23,TCP,589.0,0.761,22,attack,3405803807,2886729751,0,1,0,-0.44157387039806567,1.562286662880037,-1.1237506600862344,1.7439612467822392,3.31952268165861,-0.7812241345079128,13,23,1,8,7,6,2,0.59862,257,772.9658792650919,Access to restricted port; Repeated failed login attempts,True,rule_based
2026-04-01 13:31:00,203.0.113.17,172.16.0.33,21,TCP,1367.0,1.038,28,attack,3405803793,2886729761,0,1,0,-0.4425170141539779,4.144890320506971,-1.059243331658507,2.2983859061242393,3.319522666003792,-0.34507846306517975,13,31,1,8,8,5,4,0.702875,245,1315.6881616939365,Access to restricted port; Repeated failed login attempts,True,rule_based
2026-04-01 13:44:00,203.0.113.18,172.16.0.36,5900,TCP,1623.1199999999972,0.17298,29,attack,3405803794,2886729764,0,1,0,2.3298540563500056,4.995091411498493,-1.260687841537758,2.3907900160145723,3.3195226671219937,-0.21423476163235985,13,44,1,10,9,7,1,0.700096,292,9329.34820094262,Access to restricted port; Repeated failed login attempts,True,rule_based
2026-04-01 13:47:00,203.0.113.13,172.16.0.18,3389,TCP,990.0,1.122,12,attack,3405803789,2886729746,0,1,0,1.145737070802208,2.893422995410115,-1.0396815425324095,0.8199201478789058,3.3195226615309874,-0.9992969702292793,13,47,1,10,10,5,2,0.9763999999999999,306,881.5672306322351,Access to restricted port; Repeated failed login attempts,True,rule_based
2026-04-01 13:58:00,203.0.113.21,172.16.0.69,6667,TCP,678.0,0.17298,8,attack,3405803797,2886729797,0,1,0,2.691549686742344,1.8577258987782337,-1.260687841537758,0.45030370831757244,3.3195226704765974,1.2250459541286591,13,58,1,8,8,5,2,0.5983700000000001,281,3896.999655132774,Access to restricted port; Repeated failed login attempts,True,rule_based
2026-04-01 14:15:00,203.0.113.27,172.16.0.36,5900,UDP,1167.0,1.13,56,attack,3405803803,2886729764,0,0,1,2.3298540563500056,3.4809819252301244,-1.0378185149965906,4.885700983053572,3.319522677185805,-0.21423476163235985,14,15,1,4,4,4,1,0.79475,203,1031.8302387267906,Access to restricted port; Repeated failed login attempts,True,rule_based
2026-04-01 14:29:00,203.0.113.23,172.16.0.11,4444,TCP,920.0,0.583,14,attack,3405803799,2886729739,0,1,0,1.6432454020459064,2.6610550570632188,-1.1652030227582033,1.0047283676595724,3.319522672713,-1.3045989402391924,14,29,1,8,8,4,1,0.783875,286,1575.3424657534247,Access to restricted port; Repeated failed login attempts,True,rule_based
2026-04-01 14:30:00,203.0.113.29,172.16.0.79,25,TCP,1217.0,0.17298,50,attack,3405803805,2886729807,0,1,0,-0.4406307266421534,3.646959024049336,-1.260687841537758,4.331276323711572,3.3195226794222075,1.6611916255713923,14,30,1,11,11,7,1,0.38517454545454544,432,6995.05690309231,Access to restricted port; Repeated failed login attempts,True,rule_based
2026-04-01 14:37:00,10.0.1.59,172.16.0.48,3306,TCP,30.0,10.744,0,normal,167772475,2886729776,0,1,0,1.1065966049318507,-0.29333730191875024,1.201074826173692,-0.2889291708050942,-0.3012480142655185,0.3091400440989198,14,37,1,10,8,5,1,7.0771,0,2.791996277338297,Access to restricted port,True,rule_based
2026-04-01 14:42:00,10.0.0.190,172.16.0.77,3306,UDP,47.0,8.672,0,normal,167772350,2886729805,0,0,1,1.1065966049318507,-0.23690508832021825,0.7185506943966145,-0.2889291708050942,-0.3012481540406753,1.5739624912828456,14,42,1,13,11,5,1,5.642846153846154,2,5.419116799262078,Access to restricted port,True,rule_based
2026-04-01 14:43:00,203.0.113.29,172.16.0.74,6667,ICMP,834.0,0.17298,56,attack,3405803805,2886729802,1,0,0,2.691549686742344,2.3755744470941744,-1.260687841537758,4.885700983053572,3.3195226794222075,1.4431187898500257,14,43,1,11,11,7,1,0.38517454545454544,432,4793.65444303943,Access to restricted port; Repeated failed login attempts,True,rule_based
2026-04-01 14:55:00,10.0.1.3,172.16.0.64,3306,UDP,40.0,7.229,0,normal,167772419,2886729792,0,0,1,1.1065966049318507,-0.2601418821549079,0.38250710262329235,-0.2889291708050942,-0.3012480768847887,1.0069731184072928,14,55,1,4,4,3,1,5.87475,0,5.532503457814661,Access to restricted port,True,rule_based
2026-04-01 15:03:00,10.0.1.117,172.16.0.79,3306,UDP,43.0,2.971,0,normal,167772533,2886729807,0,0,1,1.1065966049318507,-0.2501832562257552,-0.6090893033162816,-0.2889291708050942,-0.3012479494098458,1.6611916255713923,15,3,1,3,3,3,1,2.9926666666666666,0,14.468371467025571,Access to restricted port,True,rule_based
2026-04-01 15:16:00,203.0.113.18,172.16.0.50,3389,UDP,1522.0,1.179,30,attack,3405803794,2886729778,0,0,1,1.145737070802208,4.659419326846528,-1.0264074713397002,2.4831941259049057,3.3195226671219937,0.3963691783874664,15,16,1,10,9,7,1,0.700096,292,1289.8305084745764,Access to restricted port; Repeated failed login attempts,True,rule_based
2026-04-01 15:17:00,203.0.113.22,172.16.0.71,23,UDP,1623.1199999999972,0.415,38,attack,3405803798,2886729799,0,0,1,-0.44157387039806567,4.995091411498493,-1.2043266010103988,3.2224270050275723,3.3195226715947985,1.3122750884172059,15,17,1,9,7,6,2,0.6967777777777777,398,3901.7307692307627,Access to restricted port; Repeated failed login attempts,True,rule_based
2026-04-01 15:28:00,10.0.0.177,172.16.0.63,3306,UDP,39.0,9.202,0,normal,167772337,2886729791,0,0,1,1.1065966049318507,-0.26346142413129214,0.8419762686446121,-0.2889291708050942,-0.3012481685772916,0.9633585512630194,15,28,1,11,9,6,1,6.254660909090908,1,4.237748560252092,Access to restricted port,True,rule_based
2026-04-01 15:44:00,203.0.113.30,172.16.0.74,3389,TCP,1368.0,0.305,38,attack,3405803806,2886729802,0,1,0,1.145737070802208,4.148209862483355,-1.2299432296279078,3.2224270050275723,3.3195226805404086,1.4431187898500257,15,44,1,9,8,7,2,0.589,280,4470.588235294118,Access to restricted port; Repeated failed login attempts,True,rule_based
2026-04-01 15:57:00,203.0.113.11,172.16.0.4,25,TCP,896.0,0.86,49,attack,3405803787,2886729732,0,1,0,-0.4406307266421534,2.5813860496299967,-1.1006956943304762,4.238872213821239,3.319522659294585,-1.6099009102491055,15,57,1,6,5,6,1,0.6531666666666667,244,1040.6504065040651,Access to restricted port; Repeated failed login attempts,True,rule_based
2026-04-01 16:17:00,10.0.0.241,172.16.0.43,3306,TCP,39.0,12.663,0,normal,167772401,2886729771,0,1,0,1.1065966049318507,-0.26346142413129214,1.647968556328235,-0.2889291708050942,-0.3012480970124113,0.09106720837755326,16,17,1,9,9,6,1,7.037222222222223,0,3.0795957043588125,Access to restricted port,True,rule_based
2026-04-01 16:29:00,203.0.113.32,172.16.0.58,21,TCP,1352.0,1.019,14,attack,3405803808,2886729786,0,1,0,-0.4425170141539779,4.095097190861208,-1.0636680220560768,1.0047283676595724,3.319522682776811,0.7452857155416528,16,29,1,11,10,5,4,0.6670872727272728,320,1325.4901960784316,Access to restricted port; Repeated failed login attempts,True,rule_based
2026-04-01 16:45:00,203.0.113.28,172.16.0.72,6667,TCP,763.0,0.347,40,attack,3405803804,2886729800,0,1,0,2.691549686742344,2.1398869667708937,-1.220162335064859,3.4072352248082387,3.3195226783040064,1.355889655561479,16,45,1,13,12,7,1,0.664076923076923,422,2192.528735632184,Access to restricted port; Repeated failed login attempts,True,rule_based
2026-04-01 16:54:00,10.0.0.219,172.16.0.22,3306,TCP,34.0,8.452,0,normal,167772379,2886729750,0,1,0,1.1065966049318507,-0.2800591340132133,0.6673174371615964,-0.2889291708050942,-0.30124812161283887,-0.8248387016521861,16,54,1,3,3,3,1,7.222333333333334,0,4.022240624630309,Access to restricted port,True,rule_based
2026-04-01 16:55:00,203.0.113.20,172.16.0.78,23,TCP,808.0,0.321,55,attack,3405803796,2886729806,0,1,0,-0.44157387039806567,2.2892663557081843,-1.2262171745562702,4.793296873163239,3.3195226693583963,1.617577058427119,16,55,1,6,6,5,2,0.5741666666666667,236,2509.3167701863354,Access to restricted port; Repeated failed login attempts,True,rule_based
2026-04-01 17:26:00,203.0.113.19,172.16.0.34,25,TCP,1623.1199999999972,0.834,47,attack,3405803795,2886729762,0,1,0,-0.4406307266421534,4.995091411498493,-1.1067505338218875,4.054063994040572,3.319522668240195,-0.3014638959209065,17,26,1,5,4,3,2,0.567,185,1943.8562874251463,Access to restricted port; Repeated failed login attempts,True,rule_based
2026-04-01 17:37:00,203.0.113.10,172.16.0.29,3389,TCP,1466.0,1.017,14,attack,3405803786,2886729757,0,1,0,1.145737070802208,4.473524976169011,-1.0641337789400318,1.0047283676595724,3.3195226581763837,-0.519536731642273,17,37,1,9,8,6,2,0.66922,306,1440.07858546169,Access to restricted port; Repeated failed login attempts,True,rule_based
2026-04-01 17:42:00,10.0.0.62,172.16.0.35,3306,TCP,34.0,0.456,0,normal,167772222,2886729763,0,1,0,1.1065966049318507,-0.2800591340132133,-1.1947785848893273,-0.2889291708050942,-0.3012482971704358,-0.2578493287766332,17,42,1,6,6,4,1,4.347666666666667,0,74.39824945295405,Access to restricted port,True,rule_based
2026-04-01 17:53:00,203.0.113.18,172.16.0.28,23,TCP,1495.0,0.25,38,attack,3405803794,2886729756,0,1,0,-0.44157387039806567,4.569791693484154,-1.2427515439366623,3.2224270050275723,3.3195226671219937,-0.5631512987865464,17,53,1,10,9,7,2,0.700096,292,5956.175298804781,Access to restricted port; Repeated failed login attempts,True,rule_based
2026-04-01 18:01:00,203.0.113.21,172.16.0.62,4444,TCP,693.0,0.17298,23,attack,3405803797,2886729790,0,1,0,1.6432454020459064,1.9075190284239973,-1.260687841537758,1.8363653566725724,3.3195226704765974,0.919743984118746,18,1,1,8,8,5,1,0.5983700000000001,281,3983.21646166226,Access to restricted port; Repeated failed login attempts,True,rule_based
2026-04-01 18:04:00,10.0.0.86,172.16.0.61,3306,TCP,34.0,1.986,1,normal,167772246,2886729789,0,1,0,1.1065966049318507,-0.2800591340132133,-0.8384745686639755,-0.1965250609147609,-0.3012482703336057,0.8761294169744728,18,4,1,10,10,6,1,5.1369,3,17.111222949169605,Access to restricted port,True,rule_based
2026-04-01 18:08:00,203.0.113.33,172.16.0.53,21,TCP,1611.0,1.113,43,attack,3405803809,2886729781,0,1,0,-0.4425170141539779,4.954858562744725,-1.0417774485102058,3.684447554479239,3.3195226838950123,0.5272128798202863,18,8,1,7,6,5,1,0.70714,200,1446.1400359066429,Access to restricted port; Repeated failed login attempts,True,rule_based
2026-04-01 18:11:00,203.0.113.12,172.16.0.25,23,TCP,1388.0,0.17298,56,attack,3405803788,2886729753,0,1,0,-0.44157387039806567,4.21460070201104,-1.260687841537758,4.885700983053572,3.3195226604127863,-0.6939950002193662,18,11,1,9,9,4,2,0.4834355555555556,377,7977.928497528452,Access to restricted port; Repeated failed login attempts,True,rule_based
2026-04-01 18:28:00,203.0.113.17,172.16.0.50,4444,TCP,1218.0,0.331,55,attack,3405803793,2886729778,0,1,0,1.6432454020459064,3.6502785660257207,-1.2238883901364965,4.793296873163239,3.319522666003792,0.3963691783874664,18,28,1,8,8,5,1,0.702875,245,3668.6746987951806,Access to restricted port; Repeated failed login attempts,True,rule_based
2026-04-01 18:29:00,203.0.113.32,172.16.0.55,3389,TCP,973.0,0.921,42,attack,3405803808,2886729783,0,1,0,1.145737070802208,2.836990781811583,-1.0864901093698576,3.5920434445889056,3.319522682776811,0.6144420141088329,18,29,1,11,10,5,2,0.6670872727272728,320,1055.3145336225596,Access to restricted port; Repeated failed login attempts,True,rule_based
2026-04-01 18:30:00,203.0.113.11,172.16.0.46,21,TCP,968.0,0.226,26,attack,3405803787,2886729774,0,1,0,-0.4425170141539779,2.820393071929662,-1.2483406265441188,2.1135776863435725,3.319522659294585,0.22191090981037317,18,30,1,6,5,6,1,0.6531666666666667,244,4264.31718061674,Access to restricted port; Repeated failed login attempts,True,rule_based
2026-04-01 18:32:00,203.0.113.19,172.16.0.50,25,TCP,1312.0,0.24,17,attack,3405803795,2886729778,0,1,0,-0.4406307266421534,3.962315511805839,-1.2450803283564358,1.2819406973305725,3.319522668240195,0.3963691783874664,18,32,1,5,4,3,2,0.567,185,5443.983402489626,Access to restricted port; Repeated failed login attempts,True,rule_based
2026-04-01 18:38:00,203.0.113.17,172.16.0.36,6667,UDP,608.0,0.975,46,attack,3405803793,2886729764,0,0,1,2.691549686742344,1.6253579604313375,-1.0739146735030807,3.961659884150239,3.319522666003792,-0.21423476163235985,18,38,1,8,8,5,1,0.702875,245,622.9508196721312,Access to restricted port; Repeated failed login attempts,True,rule_based
2026-04-01 18:46:00,203.0.113.23,172.16.0.62,21,TCP,1082.0,1.031,56,attack,3405803799,2886729790,0,1,0,-0.4425170141539779,3.1988208572374646,-1.0608734807523488,4.885700983053572,3.319522672713,0.919743984118746,18,46,1,8,8,4,2,0.783875,286,1048.449612403101,Access to restricted port; Repeated failed login attempts,True,rule_based
2026-04-01 18:51:00,203.0.113.14,172.16.0.45,6667,TCP,986.0,0.369,56,attack,3405803790,2886729773,0,1,0,2.691549686742344,2.8801448275045782,-1.2150390093413572,4.885700983053572,3.3195226626491885,0.17829634266609987,18,51,1,8,8,5,1,0.53687,309,2664.864864864865,Access to restricted port; Repeated failed login attempts,True,rule_based
2026-04-01 19:05:00,203.0.113.13,172.16.0.43,23,TCP,522.0,1.015,42,attack,3405803789,2886729771,0,1,0,-0.44157387039806567,1.3398773504622934,-1.0645995358239864,3.5920434445889056,3.3195226615309874,0.09106720837755326,19,5,0,10,10,5,2,0.9763999999999999,306,513.7795275590552,Access to restricted port; Repeated failed login attempts,True,rule_based
2026-04-01 19:21:00,10.0.0.211,172.16.0.38,3306,TCP,37.0,6.159,0,normal,167772371,2886729766,0,1,0,1.1065966049318507,-0.2701005080840606,0.13332716970752334,-0.2889291708050942,-0.3012481305584489,-0.12700562734381327,19,21,0,7,6,4,1,6.222714285714285,0,6.0064935064935066,Access to restricted port,True,rule_based
2026-04-01 19:26:00,203.0.113.27,172.16.0.48,3389,TCP,899.0,0.942,49,attack,3405803803,2886729776,0,1,0,1.145737070802208,2.59134467555915,-1.0815996620883332,4.238872213821239,3.319522677185805,0.3091400440989198,19,26,0,4,4,4,1,0.79475,203,953.3404029692472,Access to restricted port; Repeated failed login attempts,True,rule_based
2026-04-01 19:27:00,203.0.113.17,172.16.0.16,25,TCP,1556.0,0.43,12,attack,3405803793,2886729744,0,1,0,-0.4406307266421534,4.772283754043592,-1.2008334243807386,0.8199201478789058,3.319522666003792,-1.086526104517826,19,27,0,8,8,5,1,0.702875,245,3610.2088167053366,Access to restricted port; Repeated failed login attempts,True,rule_based
2026-04-01 19:28:00,203.0.113.12,172.16.0.35,25,TCP,1623.1199999999972,0.184,49,attack,3405803788,2886729763,0,1,0,-0.4406307266421534,4.995091411498493,-1.2581215211071677,4.238872213821239,3.3195226604127863,-0.2578493287766332,19,28,0,9,9,4,1,0.4834355555555556,377,8773.621621621607,Access to restricted port; Repeated failed login attempts,True,rule_based
2026-04-01 19:41:00,203.0.113.11,172.16.0.4,3389,TCP,370.0,1.057,56,attack,3405803787,2886729732,0,1,0,1.145737070802208,0.8353069700518896,-1.0548186412609373,4.885700983053572,3.319522659294585,-1.6099009102491055,19,41,0,6,5,6,1,0.6531666666666667,244,349.71644612476376,Access to restricted port; Repeated failed login attempts,True,rule_based
2026-04-01 19:47:00,203.0.113.20,172.16.0.76,23,TCP,1623.0,0.874,32,attack,3405803796,2886729804,0,1,0,-0.44157387039806567,4.994693066461336,-1.0974353961427934,2.6680023456855726,3.3195226693583963,1.5303479241385722,19,47,0,6,6,5,2,0.5741666666666667,236,1854.857142857143,Access to restricted port; Repeated failed login attempts,True,rule_based
2026-04-01 19:49:00,203.0.113.20,172.16.0.15,5900,TCP,1232.0,0.394,19,attack,3405803796,2886729743,0,1,0,2.3298540563500056,3.6967521536951,-1.2092170482919233,1.4667489171112391,3.3195226693583963,-1.1301406716620992,19,49,0,6,6,5,1,0.5741666666666667,236,3118.987341772152,Access to restricted port; Repeated failed login attempts,True,rule_based
2026-04-01 19:53:00,203.0.113.13,172.16.0.27,25,TCP,967.0,1.089,54,attack,3405803789,2886729755,0,1,0,-0.4406307266421534,2.8170735299532774,-1.047366531117662,4.700892763272906,3.3195226615309874,-0.6067658659308196,19,53,0,10,10,5,3,0.9763999999999999,306,887.1559633027524,Access to restricted port; Repeated failed login attempts,True,rule_based
2026-04-01 19:59:00,203.0.113.13,172.16.0.62,4444,ICMP,775.0,0.813,35,attack,3405803789,2886729790,1,0,0,1.6432454020459064,2.1797214704875043,-1.111640981103412,2.9452146753565724,3.3195226615309874,0.919743984118746,19,59,0,10,10,5,2,0.9763999999999999,306,952.0884520884522,Access to restricted port; Repeated failed login attempts,True,rule_based
2026-04-01 20:06:00,203.0.113.25,172.16.0.14,5900,TCP,933.0,0.19,28,attack,3405803801,2886729742,0,1,0,2.3298540563500056,2.704209102756214,-1.2567242504553033,2.2983859061242393,3.3195226749494022,-1.1737552388063726,20,6,0,2,2,2,1,0.36850000000000005,75,4884.8167539267015,Access to restricted port; Repeated failed login attempts,True,rule_based
2026-04-01 20:13:00,203.0.113.16,172.16.0.19,23,TCP,753.0,0.209,56,attack,3405803792,2886729747,0,1,0,-0.44157387039806567,2.1066915470070513,-1.2522995600577338,4.885700983053572,3.319522664885591,-0.9556824030850061,20,13,0,5,5,3,3,0.47939999999999994,207,3585.714285714286,Access to restricted port; Repeated failed login attempts,True,rule_based
2026-04-01 20:17:00,203.0.113.15,172.16.0.21,23,UDP,434.0,0.211,49,attack,3405803791,2886729749,0,0,1,-0.44157387039806567,1.0477576565404807,-1.251833803173779,4.238872213821239,3.31952266376739,-0.8684532687964595,20,17,0,11,10,6,3,0.6446363636363637,431,2047.1698113207547,Access to restricted port; Repeated failed login attempts,True,rule_based
2026-04-01 20:22:00,203.0.113.12,172.16.0.61,5900,TCP,522.0,0.17298,9,attack,3405803788,2886729789,0,1,0,2.3298540563500056,1.3398773504622934,-1.260687841537758,0.5427078182079058,3.3195226604127863,0.8761294169744728,20,22,0,9,9,4,3,0.4834355555555556,377,3000.344867226118,Access to restricted port; Repeated failed login attempts,True,rule_based
2026-04-01 20:23:00,203.0.113.25,172.16.0.80,21,TCP,1143.0,0.547,47,attack,3405803801,2886729808,0,1,0,-0.4425170141539779,3.401312917796903,-1.173586646669388,4.054063994040572,3.3195226749494022,1.7048061927156655,20,23,0,2,2,2,1,0.36850000000000005,75,2085.7664233576643,Access to restricted port; Repeated failed login attempts,True,rule_based
2026-04-01 20:31:00,10.0.1.54,172.16.0.69,3306,TCP,39.0,5.498,0,normal,167772470,2886729797,0,1,0,1.1065966049318507,-0.26346142413129214,-0.020605480439507655,-0.2889291708050942,-0.3012480198565248,1.2250459541286591,20,31,0,8,8,4,1,4.32925,0,7.092198581560283,Access to restricted port,True,rule_based
2026-04-01 20:35:00,203.0.113.23,172.16.0.18,6667,TCP,1515.0,1.091,22,attack,3405803799,2886729746,0,1,0,2.691549686742344,4.636182533011838,-1.0469007742337073,1.7439612467822392,3.319522672713,-0.9992969702292793,20,35,0,8,8,4,2,0.783875,286,1387.3626373626375,Access to restricted port; Repeated failed login attempts,True,rule_based
2026-04-01 20:52:00,203.0.113.30,172.16.0.77,21,TCP,1623.1199999999972,1.002,44,attack,3405803806,2886729805,0,1,0,-0.4425170141539779,4.995091411498493,-1.067626955569692,3.776851664369572,3.3195226805404086,1.5739624912828456,20,52,0,9,8,7,2,0.589,280,1618.2652043868368,Access to restricted port; Repeated failed login attempts,True,rule_based
2026-04-01 20:57:00,203.0.113.29,172.16.0.45,21,TCP,1479.0,0.536,46,attack,3405803805,2886729773,0,1,0,-0.4425170141539779,4.516679021862005,-1.1761483095311391,3.961659884150239,3.3195226794222075,0.17829634266609987,20,57,0,11,11,7,2,0.38517454545454544,432,2754.189944134078,Access to restricted port; Repeated failed login attempts,True,rule_based
2026-04-01 20:58:00,203.0.113.23,172.16.0.8,3389,TCP,356.0,0.386,46,attack,3405803799,2886729736,0,1,0,1.145737070802208,0.7888333823825103,-1.211080075827742,3.961659884150239,3.319522672713,-1.4354426416720123,20,58,0,8,8,4,3,0.783875,286,919.8966408268734,Access to restricted port; Repeated failed login attempts,True,rule_based
2026-04-01 21:05:00,203.0.113.21,172.16.0.34,3389,UDP,377.0,0.765,54,attack,3405803797,2886729762,0,0,1,1.145737070802208,0.8585437638865793,-1.122819146318325,4.700892763272906,3.3195226704765974,-0.3014638959209065,21,5,0,8,8,5,2,0.5983700000000001,281,492.1671018276762,Access to restricted port; Repeated failed login attempts,True,rule_based
2026-04-01 21:18:00,203.0.113.24,172.16.0.79,5900,UDP,1623.1199999999972,0.655,56,attack,3405803800,2886729807,0,0,1,2.3298540563500056,4.995091411498493,-1.1484357749358338,4.885700983053572,3.319522673831201,1.6611916255713923,21,18,0,10,9,6,2,0.6437,423,2474.2682926829225,Access to restricted port; Repeated failed login attempts,True,rule_based
2026-04-01 21:23:00,203.0.113.29,172.16.0.61,3389,TCP,305.0,0.806,22,attack,3405803805,2886729789,0,1,0,1.145737070802208,0.6195367415869143,-1.1132711301972533,1.7439612467822392,3.3195226794222075,0.8761294169744728,21,23,0,11,11,7,2,0.38517454545454544,432,377.9429987608426,Access to restricted port; Repeated failed login attempts,True,rule_based
2026-04-01 21:25:00,10.0.0.22,172.16.0.45,3306,TCP,35.0,6.213,0,normal,167772182,2886729773,0,1,0,1.1065966049318507,-0.2767395920368291,0.14590260557430051,-0.2889291708050942,-0.3012483418984859,0.17829634266609987,21,25,0,6,6,3,1,5.1579999999999995,1,5.632442870936594,Access to restricted port,True,rule_based
2026-04-01 21:55:00,203.0.113.15,172.16.0.7,25,TCP,1538.0,0.378,22,attack,3405803791,2886729735,0,1,0,-0.4406307266421534,4.712531998468676,-1.212943103363561,1.7439612467822392,3.31952266376739,-1.4790572088162857,21,55,0,11,10,6,1,0.6446363636363637,431,4058.047493403694,Access to restricted port; Repeated failed login attempts,True,rule_based
2026-04-01 22:01:00,203.0.113.14,172.16.0.2,25,TCP,1458.0,0.319,11,attack,3405803790,2886729730,0,1,0,-0.4406307266421534,4.446968640357937,-1.2266829314402248,0.7275160379885725,3.3195226626491885,-1.6971300445376523,22,1,0,8,8,5,3,0.53687,309,4556.25,Access to restricted port; Repeated failed login attempts,True,rule_based
2026-04-01 22:10:00,203.0.113.24,172.16.0.72,21,TCP,407.0,0.668,27,attack,3405803800,2886729800,0,1,0,-0.4425170141539779,0.9581300231781062,-1.1454083551901282,2.205981796233906,3.319522673831201,1.355889655561479,22,10,0,10,9,6,4,0.6437,423,608.3707025411061,Access to restricted port; Repeated failed login attempts,True,rule_based
2026-04-01 22:39:00,203.0.113.28,172.16.0.36,21,TCP,1623.1199999999972,1.043,19,attack,3405803804,2886729764,0,1,0,-0.4425170141539779,4.995091411498493,-1.0580789394486203,1.4667489171112391,3.3195226783040064,-0.21423476163235985,22,39,0,13,12,7,5,0.664076923076923,422,1554.7126436781584,Access to restricted port; Repeated failed login attempts,True,rule_based
2026-04-01 22:43:00,203.0.113.26,172.16.0.50,5900,TCP,478.0,0.305,43,attack,3405803802,2886729778,0,1,0,2.3298540563500056,1.193817503501387,-1.2299432296279078,3.684447554479239,3.3195226760676038,0.3963691783874664,22,43,0,12,12,5,1,0.4252466666666666,451,1562.0915032679738,Access to restricted port; Repeated failed login attempts,True,rule_based
2026-04-01 22:50:00,203.0.113.10,172.16.0.5,3389,UDP,1008.0,0.405,56,attack,3405803786,2886729733,0,0,1,1.145737070802208,2.9531747509850312,-1.2066553854301723,4.885700983053572,3.3195226581763837,-1.5662863431048324,22,50,0,9,8,6,2,0.66922,306,2482.758620689655,Access to restricted port; Repeated failed login attempts,True,rule_based
2026-04-01 22:54:00,203.0.113.24,172.16.0.51,21,TCP,318.0,0.959,56,attack,3405803800,2886729779,0,1,0,-0.4425170141539779,0.6626907872799094,-1.0776407285747183,4.885700983053572,3.319522673831201,0.4399837455317397,22,54,0,10,9,6,4,0.6437,423,331.25,Access to restricted port; Repeated failed login attempts,True,rule_based
2026-04-01 23:01:00,10.0.0.121,172.16.0.19,3306,UDP,31.0,1.428,0,normal,167772281,2886729747,0,0,1,1.1065966049318507,-0.290017759942366,-0.9684207392873391,-0.2889291708050942,-0.3012482311965618,-0.9556824030850061,23,1,0,4,4,3,1,6.0985,0,21.693491952414277,Access to restricted port,True,rule_based
2026-04-01 23:08:00,10.0.1.120,172.16.0.13,3306,ICMP,40.0,6.687,0,normal,167772536,2886729741,1,0,0,1.1065966049318507,-0.2601418821549079,0.25628698707156644,-0.2889291708050942,-0.301247946055242,-1.217369805950646,23,8,0,7,6,5,1,5.333857142857143,0,5.980861244019138,Access to restricted port,True,rule_based
2026-04-01 23:14:00,10.0.0.92,172.16.0.50,3306,TCP,34.0,5.284,0,normal,167772252,2886729778,0,1,0,1.1065966049318507,-0.2800591340132133,-0.07044146702266153,-0.2889291708050942,-0.30124826362439816,0.3963691783874664,23,14,0,3,3,3,1,2.52,1,6.433301797540208,Access to restricted port,True,rule_based
2026-04-01 23:18:00,203.0.113.13,172.16.0.25,25,TCP,836.0,1.172,47,attack,3405803789,2886729753,0,1,0,-0.4406307266421534,2.382213531046943,-1.0280376204335417,4.054063994040572,3.3195226615309874,-0.6939950002193662,23,18,0,10,10,5,3,0.9763999999999999,306,712.7024722932653,Access to restricted port; Repeated failed login attempts,True,rule_based
2026-04-01 23:24:00,203.0.113.29,172.16.0.70,5900,TCP,1216.0,0.264,56,attack,3405803805,2886729798,0,1,0,2.3298540563500056,3.643639482072952,-1.2394912457489793,4.885700983053572,3.3195226794222075,1.2686605212729325,23,24,0,11,11,7,2,0.38517454545454544,432,4588.679245283019,Access to restricted port; Repeated failed login attempts,True,rule_based
2026-04-01 23:37:00,203.0.113.28,172.16.0.69,23,TCP,1403.0,0.294,37,attack,3405803804,2886729797,0,1,0,-0.44157387039806567,4.264393831656804,-1.2325048924896589,3.130022895137239,3.3195226783040064,1.2250459541286591,23,37,0,13,12,7,1,0.664076923076923,422,4755.932203389831,Access to restricted port; Repeated failed login attempts,True,rule_based
2026-04-01 23:43:00,10.0.1.29,172.16.0.34,3306,UDP,39.0,3.371,0,normal,167772445,2886729762,0,0,1,1.1065966049318507,-0.26346142413129214,-0.51593792652534,-0.2889291708050942,-0.3012480478115561,-0.3014638959209065,23,43,0,6,6,4,1,4.0835,0,11.565836298932386,Access to restricted port,True,rule_based
2026-04-01 23:46:00,203.0.113.32,172.16.0.41,21,TCP,1468.0,0.78,51,attack,3405803808,2886729769,0,1,0,-0.4425170141539779,4.480164060121779,-1.1193259696886646,4.4236804336019055,3.319522682776811,0.0038380740890066596,23,46,0,11,10,5,4,0.6670872727272728,320,1879.641485275288,Access to restricted port; Repeated failed login attempts,True,rule_based
2026-04-01 23:49:00,10.0.1.77,172.16.0.60,3306,TCP,34.0,8.304,0,normal,167772493,2886729788,0,1,0,1.1065966049318507,-0.2800591340132133,0.6328514277489481,-0.2889291708050942,-0.30124799413789594,0.8325148498301994,23,49,0,3,3,3,1,6.059,1,4.093919325707406,Access to restricted port,True,rule_based
2026-04-02 00:06:00,203.0.113.32,172.16.0.3,21,UDP,1623.1199999999972,0.17298,24,attack,3405803808,2886729731,0,0,1,-0.4425170141539779,4.995091411498493,-1.260687841537758,1.9287694665629058,3.319522682776811,-1.653515477393379,0,6,0,11,10,5,4,0.6670872727272728,320,9329.34820094262,Access to restricted port; Repeated failed login attempts,True,rule_based
2026-04-02 00:25:00,203.0.113.10,172.16.0.69,5900,UDP,1245.0,0.712,36,attack,3405803786,2886729797,0,0,1,2.3298540563500056,3.739906199388095,-1.1351617037431248,3.0376187852469054,3.3195226581763837,1.2250459541286591,0,25,0,9,8,6,2,0.66922,306,1746.1430575035065,Access to restricted port; Repeated failed login attempts,True,rule_based
2026-04-02 00:28:00,203.0.113.24,172.16.0.48,21,ICMP,1490.0,0.654,38,attack,3405803800,2886729776,1,0,0,-0.4425170141539779,4.553193983602233,-1.1486686533778112,3.2224270050275723,3.319522673831201,0.3091400440989198,0,28,0,10,9,6,4,0.6437,423,2274.8091603053435,Access to restricted port; Repeated failed login attempts,True,rule_based
2026-04-02 01:12:00,203.0.113.28,172.16.0.56,3389,TCP,1449.0,0.959,15,attack,3405803804,2886729784,0,1,0,1.145737070802208,4.417092762570479,-1.0776407285747183,1.0971324775499058,3.3195226783040064,0.6580565812531063,1,12,0,13,12,7,1,0.664076923076923,422,1509.375,Access to restricted port; Repeated failed login attempts,True,rule_based
2026-04-02 01:20:00,203.0.113.28,172.16.0.12,21,ICMP,978.0,0.344,44,attack,3405803804,2886729740,1,0,0,-0.4425170141539779,2.8535884916935044,-1.220860970390791,3.776851664369572,3.3195226783040064,-1.2609843730949193,1,20,0,13,12,7,5,0.664076923076923,422,2834.7826086956525,Access to restricted port; Repeated failed login attempts,True,rule_based
2026-04-02 01:22:00,203.0.113.10,172.16.0.44,6667,TCP,842.0,1.007,11,attack,3405803786,2886729772,0,1,0,2.691549686742344,2.4021307829052483,-1.0664625633598053,0.7275160379885725,3.3195226581763837,0.13468177552182659,1,22,0,9,8,6,2,0.66922,306,835.3174603174605,Access to restricted port; Repeated failed login attempts,True,rule_based
2026-04-02 01:23:00,10.0.0.65,172.16.0.24,3306,TCP,31.0,9.121,0,normal,167772225,2886729752,0,1,0,1.1065966049318507,-0.290017759942366,0.8231131148444465,-0.2889291708050942,-0.301248293815832,-0.7376095673636395,1,23,0,7,7,4,1,7.699285714285714,0,3.3983775487831616,Access to restricted port,True,rule_based
2026-04-02 01:24:00,203.0.113.10,172.16.0.37,4444,TCP,1434.0,0.666,51,attack,3405803786,2886729765,0,1,0,1.6432454020459064,4.367299632924715,-1.145874112074083,4.4236804336019055,3.3195226581763837,-0.17062019448808655,1,24,0,9,8,6,1,0.66922,306,2149.925037481259,Access to restricted port; Repeated failed login attempts,True,rule_based
2026-04-02 01:29:00,10.0.1.131,172.16.0.34,3306,TCP,36.0,3.564,1,normal,167772547,2886729762,0,1,0,1.1065966049318507,-0.27342005006044484,-0.4709923872237106,-0.1965250609147609,-0.30124793375502823,-0.3014638959209065,1,29,0,6,6,4,1,5.076333333333333,2,10.098176718092567,Access to restricted port,True,rule_based
2026-04-02 01:41:00,203.0.113.34,172.16.0.53,6667,TCP,716.0,0.831,50,attack,3405803810,2886729781,0,1,0,2.691549686742344,1.9838684938808346,-1.1074491691478197,4.331276323711572,3.319522685013214,0.5272128798202863,1,41,0,9,9,5,2,0.5548822222222223,286,860.5769230769231,Access to restricted port; Repeated failed login attempts,True,rule_based
2026-04-02 01:42:00,203.0.113.28,172.16.0.62,5900,UDP,632.0,1.116,24,attack,3405803804,2886729790,0,0,1,2.3298540563500056,1.7050269678645589,-1.0410788131842736,1.9287694665629058,3.3195226783040064,0.919743984118746,1,42,0,13,12,7,3,0.664076923076923,422,565.8012533572069,Access to restricted port; Repeated failed login attempts,True,rule_based
2026-04-02 01:43:00,10.0.0.240,172.16.0.10,3306,TCP,35.0,2.392,0,normal,167772400,2886729738,0,1,0,1.1065966049318507,-0.2767395920368291,-0.7439259212211697,-0.2889291708050942,-0.30124809813061254,-1.3482135073834658,1,43,0,4,4,4,1,9.829,1,14.625992478061013,Access to restricted port,True,rule_based
2026-04-02 02:08:00,10.0.1.128,172.16.0.60,3306,TCP,23.0,3.762,0,normal,167772544,2886729788,0,1,0,1.1065966049318507,-0.3165740957534399,-0.4248824557121945,-0.2889291708050942,-0.301247937109632,0.8325148498301994,2,8,0,5,5,3,1,6.652199999999999,2,6.112144565506245,Access to restricted port,True,rule_based
2026-04-02 02:10:00,203.0.113.24,172.16.0.9,4444,UDP,1566.0,0.266,46,attack,3405803800,2886729737,0,0,1,1.6432454020459064,4.805479173807434,-1.2390254888650245,3.961659884150239,3.319522673831201,-1.3918280745277392,2,10,0,10,9,6,1,0.6437,423,5865.168539325842,Access to restricted port; Repeated failed login attempts,True,rule_based
2026-04-02 02:25:00,10.0.0.135,172.16.0.51,3306,TCP,33.0,2.781,0,normal,167772295,2886729779,0,1,0,1.1065966049318507,-0.28337867598959754,-0.6533362072919789,-0.2889291708050942,-0.30124821554174425,0.4399837455317397,2,25,0,8,8,3,1,5.17325,2,11.86196980589504,Access to restricted port,True,rule_based
2026-04-02 02:39:00,10.0.1.43,172.16.0.28,3306,TCP,26.0,3.624,0,normal,167772459,2886729756,0,1,0,1.1065966049318507,-0.30661546982428717,-0.4570196807050694,-0.2889291708050942,-0.30124803215673857,-0.5631512987865464,2,39,0,1,1,1,1,3.624,0,7.172413793103448,Access to restricted port,True,rule_based
2026-04-02 02:44:00,10.0.0.54,172.16.0.8,3306,UDP,33.0,8.029,1,normal,167772214,2886729736,0,0,1,1.1065966049318507,-0.28337867598959754,0.5688098562051757,-0.1965250609147609,-0.3012483061160458,-1.4354426416720123,2,44,0,5,5,3,1,8.9256,1,4.109589041095891,Access to restricted port,True,rule_based
2026-04-02 02:48:00,10.0.0.101,172.16.0.42,3306,TCP,41.0,1.959,0,normal,167772261,2886729770,0,1,0,1.1065966049318507,-0.2568223401785237,-0.844762286597364,-0.2889291708050942,-0.3012482535605869,0.04745264123327996,2,48,0,7,7,4,1,5.091428571428572,0,20.918367346938776,Access to restricted port,True,rule_based
2026-04-02 03:09:00,10.0.0.55,172.16.0.35,3306,UDP,37.0,5.429,0,normal,167772215,2886729763,0,0,1,1.1065966049318507,-0.2701005080840606,-0.03667409293594508,-0.2889291708050942,-0.30124830499784455,-0.2578493287766332,3,9,0,6,6,5,1,3.706666666666667,1,6.813996316758747,Access to restricted port,True,rule_based
2026-04-02 03:18:00,203.0.113.22,172.16.0.71,3389,UDP,282.0,0.702,25,attack,3405803798,2886729799,0,0,1,1.145737070802208,0.5431872761300769,-1.1374904881628982,2.021173576453239,3.3195226715947985,1.3122750884172059,3,18,0,9,7,6,2,0.6967777777777777,398,401.13798008534854,Access to restricted port; Repeated failed login attempts,True,rule_based
2026-04-02 03:36:00,10.0.1.102,172.16.0.57,3306,TCP,29.0,16.193,1,normal,167772518,2886729785,0,1,0,1.1065966049318507,-0.29665684389513447,2.4700294565082954,-0.1965250609147609,-0.3012479661828646,0.7016711483973795,3,36,0,6,6,4,1,8.554,1,1.790786711127578,Access to restricted port,True,rule_based
2026-04-02 03:43:00,203.0.113.24,172.16.0.17,21,UDP,462.0,0.217,18,attack,3405803800,2886729745,0,0,1,-0.4425170141539779,1.1407048318792392,-1.2504365325219151,1.374344807220906,3.319522673831201,-1.0429115373735527,3,43,0,10,9,6,4,0.6437,423,2119.266055045872,Access to restricted port; Repeated failed login attempts,True,rule_based
2026-04-02 03:45:00,203.0.113.15,172.16.0.55,4444,UDP,384.0,0.177,26,attack,3405803791,2886729783,0,0,1,1.6432454020459064,0.8817805577212688,-1.2597516702010092,2.1135776863435725,3.31952266376739,0.6144420141088329,3,45,0,11,10,6,2,0.6446363636363637,431,2157.303370786517,Access to restricted port; Repeated failed login attempts,True,rule_based
2026-04-02 03:55:00,203.0.113.34,172.16.0.29,6667,TCP,723.0,0.885,32,attack,3405803810,2886729757,0,1,0,2.691549686742344,2.0071052877155244,-1.0948737332810425,2.6680023456855726,3.319522685013214,-0.519536731642273,3,55,0,9,9,5,2,0.5548822222222223,286,816.0270880361173,Access to restricted port; Repeated failed login attempts,True,rule_based
2026-04-02 03:58:00,203.0.113.32,172.16.0.38,23,TCP,1406.0,0.17298,31,attack,3405803808,2886729766,0,1,0,-0.44157387039806567,4.274352457585957,-1.260687841537758,2.575598235795239,3.319522682776811,-0.12700562734381327,3,58,0,11,10,5,2,0.6670872727272728,320,8081.388665363836,Access to restricted port; Repeated failed login attempts,True,rule_based
2026-04-02 03:59:00,203.0.113.30,172.16.0.38,25,TCP,423.0,0.471,54,attack,3405803806,2886729766,0,1,0,-0.4406307266421534,1.011242694800254,-1.191285408259667,4.700892763272906,3.3195226805404086,-0.12700562734381327,3,59,0,9,8,7,1,0.589,280,896.1864406779662,Access to restricted port; Repeated failed login attempts,True,rule_based
2026-04-02 04:04:00,203.0.113.22,172.16.0.6,5900,TCP,764.0,0.813,56,attack,3405803798,2886729734,0,1,0,2.3298540563500056,2.143206508747278,-1.111640981103412,4.885700983053572,3.3195226715947985,-1.522671775960559,4,4,0,9,7,6,1,0.6967777777777777,398,938.5749385749386,Access to restricted port; Repeated failed login attempts,True,rule_based
2026-04-02 04:07:00,203.0.113.10,172.16.0.18,23,UDP,1623.1199999999972,0.651,32,attack,3405803786,2886729746,0,0,1,-0.44157387039806567,4.995091411498493,-1.1493672887037434,2.6680023456855726,3.3195226581763837,-0.9992969702292793,4,7,0,9,8,6,1,0.66922,306,2489.4478527607316,Access to restricted port; Repeated failed login attempts,True,rule_based
2026-04-02 04:45:00,203.0.113.16,172.16.0.16,4444,TCP,854.0,0.375,17,attack,3405803792,2886729744,0,1,0,1.6432454020459064,2.4419652866218593,-1.213641738689493,1.2819406973305725,3.319522664885591,-1.086526104517826,4,45,0,5,5,3,1,0.47939999999999994,207,2271.276595744681,Access to restricted port; Repeated failed login attempts,True,rule_based
2026-04-02 05:14:00,203.0.113.33,172.16.0.28,5900,TCP,1623.1199999999972,0.17298,39,attack,3405803809,2886729756,0,1,0,2.3298540563500056,4.995091411498493,-1.260687841537758,3.3148311149179057,3.3195226838950123,-0.5631512987865464,5,14,0,7,6,5,2,0.70714,200,9329.34820094262,Access to restricted port; Repeated failed login attempts,True,rule_based
2026-04-02 05:15:00,203.0.113.28,172.16.0.27,5900,TCP,1609.0,0.233,21,attack,3405803804,2886729755,0,1,0,2.3298540563500056,4.948219478791956,-1.2467104774502773,1.6515571368919058,3.3195226783040064,-0.6067658659308196,5,15,0,13,12,7,3,0.664076923076923,422,6876.068376068376,Access to restricted port; Repeated failed login attempts,True,rule_based
2026-04-02 05:17:00,203.0.113.34,172.16.0.9,3389,UDP,1623.1199999999972,0.438,21,attack,3405803810,2886729737,0,0,1,1.145737070802208,4.995091411498493,-1.1989703968449197,1.6515571368919058,3.319522685013214,-1.3918280745277392,5,17,0,9,9,5,3,0.5548822222222223,286,3697.312072892932,Access to restricted port; Repeated failed login attempts,True,rule_based
2026-04-02 05:23:00,203.0.113.30,172.16.0.61,23,TCP,536.0,0.34,26,attack,3405803806,2886729789,0,1,0,-0.44157387039806567,1.3863509381316725,-1.2217924841587005,2.1135776863435725,3.3195226805404086,0.8761294169744728,5,23,0,9,8,7,1,0.589,280,1571.8475073313782,Access to restricted port; Repeated failed login attempts,True,rule_based
2026-04-02 05:46:00,10.0.0.85,172.16.0.58,3306,TCP,36.0,8.449,0,normal,167772245,2886729786,0,1,0,1.1065966049318507,-0.27342005006044484,0.6666188018356644,-0.2889291708050942,-0.30124827145180694,0.7452857155416528,5,46,0,4,4,3,1,5.31925,1,4.260355029585799,Access to restricted port,True,rule_based
2026-04-02 06:13:00,203.0.113.22,172.16.0.9,23,TCP,1189.0,0.848,55,attack,3405803798,2886729737,0,1,0,-0.44157387039806567,3.554011848710578,-1.1034902356342045,4.793296873163239,3.3195226715947985,-1.3918280745277392,6,13,0,9,7,6,2,0.6967777777777777,398,1400.4711425206126,Access to restricted port; Repeated failed login attempts,True,rule_based
2026-04-02 06:20:00,203.0.113.20,172.16.0.54,4444,TCP,708.0,0.494,24,attack,3405803796,2886729782,0,1,0,1.6432454020459064,1.9573121580697608,-1.185929204094188,1.9287694665629058,3.3195226693583963,0.5708274469645597,6,20,0,6,6,5,1,0.5741666666666667,236,1430.3030303030303,Access to restricted port; Repeated failed login attempts,True,rule_based
2026-04-02 06:26:00,203.0.113.24,172.16.0.69,5900,TCP,677.0,0.524,47,attack,3405803800,2886729797,0,1,0,2.3298540563500056,1.8544063568018494,-1.1789428508348672,4.054063994040572,3.319522673831201,1.2250459541286591,6,26,0,10,9,6,2,0.6437,423,1289.5238095238094,Access to restricted port; Repeated failed login attempts,True,rule_based
2026-04-02 06:29:00,10.0.1.158,172.16.0.71,3306,UDP,25.0,18.089,0,normal,167772574,2886729799,0,0,1,1.1065966049318507,-0.30993501180067146,2.9115669824973582,-0.2889291708050942,-0.3012479035635944,1.3122750884172059,6,29,0,3,3,3,1,9.292,0,1.3819789939192924,Access to restricted port,True,rule_based
2026-04-02 06:42:00,203.0.113.24,172.16.0.38,3389,UDP,1243.0,0.946,41,attack,3405803800,2886729766,0,0,1,1.145737070802208,3.7332671154353263,-1.080668148320424,3.499639334698572,3.319522673831201,-0.12700562734381327,6,42,0,10,9,6,1,0.6437,423,1312.5659978880676,Access to restricted port; Repeated failed login attempts,True,rule_based
2026-04-02 06:48:00,203.0.113.11,172.16.0.62,23,TCP,959.0,0.754,16,attack,3405803787,2886729790,0,1,0,-0.44157387039806567,2.7905171941422036,-1.1253808091800759,1.189536587440239,3.319522659294585,0.919743984118746,6,48,0,6,5,6,1,0.6531666666666667,244,1270.1986754966888,Access to restricted port; Repeated failed login attempts,True,rule_based
2026-04-02 06:52:00,203.0.113.16,172.16.0.45,23,UDP,1511.0,0.945,56,attack,3405803792,2886729773,0,0,1,-0.44157387039806567,4.622904365106302,-1.080901026762401,4.885700983053572,3.319522664885591,0.17829634266609987,6,52,0,5,5,3,3,0.47939999999999994,207,1597.2515856236787,Access to restricted port; Repeated failed login attempts,True,rule_based
2026-04-02 06:53:00,203.0.113.32,172.16.0.34,4444,TCP,387.0,0.465,22,attack,3405803808,2886729762,0,1,0,1.6432454020459064,0.8917391836504216,-1.1926826789115312,1.7439612467822392,3.319522682776811,-0.3014638959209065,6,53,0,11,10,5,2,0.6670872727272728,320,830.4721030042919,Access to restricted port; Repeated failed login attempts,True,rule_based
2026-04-02 07:25:00,10.0.0.77,172.16.0.58,3306,ICMP,38.0,8.638,0,normal,167772237,2886729786,1,0,0,1.1065966049318507,-0.2667809661076764,0.7106328273693843,-0.2889291708050942,-0.30124828039741697,0.7452857155416528,7,25,0,7,7,6,1,5.350857142857143,2,4.3986572519967595,Access to restricted port,True,rule_based
2026-04-02 07:39:00,203.0.113.11,172.16.0.54,4444,UDP,954.0,0.254,44,attack,3405803787,2886729782,0,0,1,1.6432454020459064,2.7739194842602823,-1.241820030168753,3.776851664369572,3.319522659294585,0.5708274469645597,7,39,0,6,5,6,1,0.6531666666666667,244,3741.176470588235,Access to restricted port; Repeated failed login attempts,True,rule_based
2026-04-02 07:46:00,10.0.0.126,172.16.0.22,3306,UDP,40.0,6.535,0,normal,167772286,2886729750,0,0,1,1.1065966049318507,-0.2601418821549079,0.22088946389100858,-0.2889291708050942,-0.30124822560555553,-0.8248387016521861,7,46,0,8,8,6,1,6.97025,0,6.119951040391676,Access to restricted port,True,rule_based
2026-04-02 08:11:00,10.0.0.203,172.16.0.8,3306,UDP,39.0,2.202,0,normal,167772363,2886729736,0,0,1,1.1065966049318507,-0.26346142413129214,-0.7881728251968669,-0.2889291708050942,-0.30124813950405893,-1.4354426416720123,8,11,1,6,5,3,1,7.219,0,17.703132092601,Access to restricted port,True,rule_based
2026-04-02 08:23:00,10.0.0.14,172.16.0.37,3306,TCP,43.0,5.081,3,normal,167772174,2886729765,0,1,0,1.1065966049318507,-0.2501832562257552,-0.1177157907440643,-0.011716841134094248,-0.30124835084409596,-0.17062019448808655,8,23,1,7,7,3,1,5.939285714285715,4,8.461235733963006,Access to restricted port,True,rule_based
2026-04-02 08:40:00,203.0.113.28,172.16.0.10,4444,TCP,997.0,0.312,19,attack,3405803804,2886729738,0,1,0,1.6432454020459064,2.9166597892448047,-1.2283130805340663,1.4667489171112391,3.3195226783040064,-1.3482135073834658,8,40,1,13,12,7,1,0.664076923076923,422,3185.3035143769966,Access to restricted port; Repeated failed login attempts,True,rule_based
2026-04-02 08:43:00,203.0.113.17,172.16.0.53,21,TCP,974.0,1.138,46,attack,3405803793,2886729781,0,1,0,-0.4425170141539779,2.840310323787967,-1.0359554874607717,3.961659884150239,3.319522666003792,0.5272128798202863,8,43,1,8,8,5,4,0.702875,245,855.1360842844603,Access to restricted port; Repeated failed login attempts,True,rule_based
2026-04-02 08:50:00,10.0.1.94,172.16.0.33,3306,UDP,39.0,8.238,0,normal,167772510,2886729761,0,0,1,1.1065966049318507,-0.26346142413129214,0.6174814505784425,-0.2889291708050942,-0.3012479751284746,-0.34507846306517975,8,50,1,6,6,4,1,6.672666666666667,0,4.73358417283651,Access to restricted port,True,rule_based
2026-04-02 08:57:00,203.0.113.28,172.16.0.31,21,TCP,1261.0,1.104,45,attack,3405803804,2886729759,0,1,0,-0.4425170141539779,3.7930188710102426,-1.043873354488002,3.8692557742599054,3.3195226783040064,-0.43230759735372637,8,57,1,13,12,7,5,0.664076923076923,422,1141.1764705882354,Access to restricted port; Repeated failed login attempts,True,rule_based
2026-04-02 09:12:00,203.0.113.28,172.16.0.57,21,UDP,584.0,1.07,56,attack,3405803804,2886729785,0,0,1,-0.4425170141539779,1.545688952998116,-1.0517912215152319,4.885700983053572,3.3195226783040064,0.7016711483973795,9,12,1,13,12,7,5,0.664076923076923,422,545.2847805788982,Access to restricted port; Repeated failed login attempts,True,rule_based
2026-04-02 09:18:00,203.0.113.12,172.16.0.21,4444,UDP,586.0,0.17298,56,attack,3405803788,2886729749,0,0,1,1.6432454020459064,1.5523280369508843,-1.260687841537758,4.885700983053572,3.3195226604127863,-0.8684532687964595,9,18,1,9,9,4,3,0.4834355555555556,377,3368.203241751926,Access to restricted port; Repeated failed login attempts,True,rule_based
2026-04-02 09:23:00,203.0.113.26,172.16.0.62,3389,TCP,344.0,0.197,38,attack,3405803802,2886729790,0,1,0,1.145737070802208,0.7489988786658995,-1.255094101361462,3.2224270050275723,3.3195226760676038,0.919743984118746,9,23,1,12,12,5,4,0.4252466666666666,451,1737.3737373737372,Access to restricted port; Repeated failed login attempts,True,rule_based
2026-04-02 09:24:00,203.0.113.26,172.16.0.3,4444,UDP,1197.0,0.752,28,attack,3405803802,2886729731,0,0,1,1.6432454020459064,3.5805681845216517,-1.1258465660640304,2.2983859061242393,3.3195226760676038,-1.653515477393379,9,24,1,12,12,5,3,0.4252466666666666,451,1589.6414342629482,Access to restricted port; Repeated failed login attempts,True,rule_based
2026-04-02 09:26:00,203.0.113.26,172.16.0.24,6667,UDP,1236.0,0.706,52,attack,3405803802,2886729752,0,0,1,2.691549686742344,3.710030321600637,-1.1365589743949889,4.516084543492239,3.3195226760676038,-0.7376095673636395,9,26,1,12,12,5,3,0.4252466666666666,451,1748.2319660537482,Access to restricted port; Repeated failed login attempts,True,rule_based
2026-04-02 09:48:00,203.0.113.14,172.16.0.37,4444,TCP,1471.0,0.957,32,attack,3405803790,2886729765,0,1,0,1.6432454020459064,4.490122686050932,-1.0781064854586728,2.6680023456855726,3.3195226626491885,-0.17062019448808655,9,48,1,8,8,5,2,0.53687,309,1535.490605427975,Access to restricted port; Repeated failed login attempts,True,rule_based
2026-04-02 09:50:00,203.0.113.14,172.16.0.4,4444,TCP,915.0,0.723,56,attack,3405803790,2886729732,0,1,0,1.6432454020459064,2.6444573471812975,-1.132600040881374,4.885700983053572,3.3195226626491885,-1.6099009102491055,9,50,1,8,8,5,2,0.53687,309,1263.8121546961327,Access to restricted port; Repeated failed login attempts,True,rule_based
2026-04-02 09:57:00,203.0.113.17,172.16.0.59,21,UDP,1612.0,1.099,14,attack,3405803793,2886729787,0,0,1,-0.4425170141539779,4.958178104721109,-1.0450377466978886,1.0047283676595724,3.319522666003792,0.7889002826859262,9,57,1,8,8,5,4,0.702875,245,1465.4545454545457,Access to restricted port; Repeated failed login attempts,True,rule_based
2026-04-02 10:04:00,203.0.113.10,172.16.0.37,21,ICMP,1270.0,1.092,41,attack,3405803786,2886729765,1,0,0,-0.4425170141539779,3.822894748797701,-1.04666789579173,3.499639334698572,3.3195226581763837,-0.17062019448808655,10,4,1,9,8,6,1,0.66922,306,1161.9396157365052,Access to restricted port; Repeated failed login attempts,True,rule_based
2026-04-02 10:07:00,203.0.113.26,172.16.0.68,3389,TCP,491.0,0.513,30,attack,3405803802,2886729796,0,1,0,1.145737070802208,1.236971549194382,-1.1815045136966182,2.4831941259049057,3.3195226760676038,1.181431386984386,10,7,1,12,12,5,4,0.4252466666666666,451,955.2529182879377,Access to restricted port; Repeated failed login attempts,True,rule_based
2026-04-02 10:15:00,203.0.113.29,172.16.0.19,23,TCP,834.0,0.17298,36,attack,3405803805,2886729747,0,1,0,-0.44157387039806567,2.3755744470941744,-1.260687841537758,3.0376187852469054,3.3195226794222075,-0.9556824030850061,10,15,1,11,11,7,2,0.38517454545454544,432,4793.65444303943,Access to restricted port; Repeated failed login attempts,True,rule_based
2026-04-02 10:44:00,203.0.113.16,172.16.0.48,3389,TCP,889.0,0.422,55,attack,3405803792,2886729776,0,1,0,1.145737070802208,2.5581492557953074,-1.2026964519165575,4.793296873163239,3.319522664885591,0.3091400440989198,10,44,1,5,5,3,1,0.47939999999999994,207,2101.6548463356976,Access to restricted port; Repeated failed login attempts,True,rule_based
2026-04-02 10:47:00,10.0.1.24,172.16.0.26,3306,TCP,35.0,5.905,0,normal,167772440,2886729754,0,1,0,1.1065966049318507,-0.2767395920368291,0.07417604544527549,-0.2889291708050942,-0.3012480534025624,-0.650380433075093,10,47,1,6,6,3,2,5.525333333333333,0,5.926176769387063,Access to restricted port,True,rule_based
2026-04-02 10:57:00,203.0.113.18,172.16.0.2,21,TCP,1400.0,1.098,21,attack,3405803794,2886729730,0,1,0,-0.4425170141539779,4.254435205727651,-1.045270625139866,1.6515571368919058,3.3195226671219937,-1.6971300445376523,10,57,1,10,9,7,2,0.700096,292,1273.8853503184714,Access to restricted port; Repeated failed login attempts,True,rule_based
2026-04-02 10:58:00,203.0.113.23,172.16.0.77,6667,TCP,1076.0,0.892,49,attack,3405803799,2886729805,0,1,0,2.691549686742344,3.1789036053791593,-1.0932435841872008,4.238872213821239,3.319522672713,1.5739624912828456,10,58,1,8,8,4,2,0.783875,286,1204.9272116461366,Access to restricted port; Repeated failed login attempts,True,rule_based
2026-04-02 11:01:00,10.0.1.26,172.16.0.76,3306,TCP,39.0,5.161,0,normal,167772442,2886729804,0,1,0,1.1065966049318507,-0.26346142413129214,-0.09908551538587615,-0.2889291708050942,-0.3012480511661599,1.5303479241385722,11,1,1,2,2,2,1,7.8555,0,7.555211158465711,Access to restricted port,True,rule_based
2026-04-02 11:06:00,203.0.113.32,172.16.0.20,23,TCP,723.0,1.168,16,attack,3405803808,2886729748,0,1,0,-0.44157387039806567,2.0071052877155244,-1.028969134201451,1.189536587440239,3.319522682776811,-0.9120678359407327,11,6,1,11,10,5,2,0.6670872727272728,320,618.4773310521814,Access to restricted port; Repeated failed login attempts,True,rule_based
2026-04-02 11:08:00,203.0.113.21,172.16.0.70,6667,TCP,743.0,0.361,56,attack,3405803797,2886729798,0,1,0,2.691549686742344,2.073496127243209,-1.216902036877176,4.885700983053572,3.3195226704765974,1.2686605212729325,11,8,1,8,8,5,2,0.5983700000000001,281,2052.486187845304,Access to restricted port; Repeated failed login attempts,True,rule_based
2026-04-02 11:16:00,203.0.113.31,172.16.0.25,3389,TCP,791.0,0.813,34,attack,3405803807,2886729753,0,1,0,1.145737070802208,2.2328341421096525,-1.111640981103412,2.852810565466239,3.31952268165861,-0.6939950002193662,11,16,1,8,7,6,2,0.59862,257,971.7444717444718,Access to restricted port; Repeated failed login attempts,True,rule_based
2026-04-02 11:19:00,203.0.113.28,172.16.0.72,25,TCP,956.0,0.99,47,attack,3405803804,2886729800,0,1,0,-0.4406307266421534,2.780558568213051,-1.0704214968734203,4.054063994040572,3.3195226783040064,1.355889655561479,11,19,1,13,12,7,1,0.664076923076923,422,964.6821392532795,Access to restricted port; Repeated failed login attempts,True,rule_based
2026-04-02 11:32:00,203.0.113.26,172.16.0.23,21,TCP,860.0,0.17298,27,attack,3405803802,2886729751,0,1,0,-0.4425170141539779,2.4618825384801646,-1.260687841537758,2.205981796233906,3.3195226760676038,-0.7812241345079128,11,32,1,12,12,5,1,0.4252466666666666,451,4943.096907690539,Access to restricted port; Repeated failed login attempts,True,rule_based
2026-04-02 11:39:00,203.0.113.13,172.16.0.74,6667,TCP,1623.1199999999972,0.879,32,attack,3405803789,2886729802,0,1,0,2.691549686742344,4.995091411498493,-1.0962710039329067,2.6680023456855726,3.3195226615309874,1.4431187898500257,11,39,1,10,10,5,1,0.9763999999999999,306,1844.4545454545423,Access to restricted port; Repeated failed login attempts,True,rule_based
2026-04-02 11:40:00,203.0.113.12,172.16.0.68,4444,TCP,917.0,1.151,51,attack,3405803788,2886729796,0,1,0,1.6432454020459064,2.6510964311340657,-1.0329280677150663,4.4236804336019055,3.3195226604127863,1.181431386984386,11,40,1,9,9,4,3,0.4834355555555556,377,796.0069444444445,Access to restricted port; Repeated failed login attempts,True,rule_based
2026-04-02 11:46:00,10.0.0.75,172.16.0.60,3306,TCP,39.0,11.154,0,normal,167772235,2886729788,0,1,0,1.1065966049318507,-0.26346142413129214,1.2965549873844073,-0.2889291708050942,-0.3012482826338195,0.8325148498301994,11,46,1,8,7,4,1,5.483125,1,3.4961900493052447,Access to restricted port,True,rule_based
2026-04-02 12:01:00,10.0.0.104,172.16.0.47,3306,TCP,35.0,6.913,0,normal,167772264,2886729775,0,1,0,1.1065966049318507,-0.2767395920368291,0.3089175149584485,-0.2889291708050942,-0.3012482502059831,0.2655254769546465,12,1,1,13,13,6,1,7.351097692307691,1,5.06219265258895,Access to restricted port,True,rule_based
2026-04-02 12:04:00,203.0.113.24,172.16.0.26,25,UDP,768.0,0.572,46,attack,3405803800,2886729754,0,0,1,-0.4406307266421534,2.156484676652815,-1.1677646856199542,3.961659884150239,3.319522673831201,-0.650380433075093,12,4,1,10,9,6,1,0.6437,423,1340.3141361256546,Access to restricted port; Repeated failed login attempts,True,rule_based
2026-04-02 12:07:00,203.0.113.34,172.16.0.12,23,TCP,590.0,0.378,49,attack,3405803810,2886729740,0,1,0,-0.44157387039806567,1.5656062048564212,-1.212943103363561,4.238872213821239,3.319522685013214,-1.2609843730949193,12,7,1,9,9,5,2,0.5548822222222223,286,1556.7282321899736,Access to restricted port; Repeated failed login attempts,True,rule_based
2026-04-02 12:36:00,203.0.113.22,172.16.0.7,4444,TCP,1340.0,1.001,11,attack,3405803798,2886729735,0,1,0,1.6432454020459064,4.055262687144597,-1.0678598340116694,0.7275160379885725,3.3195226715947985,-1.4790572088162857,12,36,1,9,7,6,2,0.6967777777777777,398,1337.3253493013974,Access to restricted port; Repeated failed login attempts,True,rule_based
2026-04-02 12:53:00,10.0.0.50,172.16.0.40,3306,TCP,47.0,11.358,0,normal,167772210,2886729768,0,1,0,1.1065966049318507,-0.23690508832021825,1.3440621895477878,-0.2889291708050942,-0.3012483105888508,-0.03977649305526665,12,53,1,4,4,4,1,8.949,2,4.137688176776125,Access to restricted port,True,rule_based
2026-04-02 13:11:00,10.0.0.31,172.16.0.56,3306,TCP,46.0,2.036,1,normal,167772191,2886729784,0,1,0,1.1065966049318507,-0.2402246302966025,-0.8268306465651077,-0.1965250609147609,-0.30124833183467464,0.6580565812531063,13,11,1,2,2,2,1,3.1224999999999996,1,22.58222876779578,Access to restricted port,True,rule_based
2026-04-02 13:14:00,10.0.0.248,172.16.0.67,3306,TCP,40.0,2.554,0,normal,167772408,2886729795,0,1,0,1.1065966049318507,-0.2601418821549079,-0.7061996136208384,-0.2889291708050942,-0.3012480891850025,1.1378168198401126,13,14,1,8,7,4,1,4.383,1,15.655577299412917,Access to restricted port,True,rule_based
2026-04-02 13:34:00,10.0.0.125,172.16.0.18,3306,TCP,41.0,3.846,1,normal,167772285,2886729746,0,1,0,1.1065966049318507,-0.2568223401785237,-0.4053206665860967,-0.1965250609147609,-0.3012482267237568,-0.9992969702292793,13,34,1,7,6,5,1,5.821857142857143,4,10.657655315830517,Access to restricted port,True,rule_based
2026-04-02 13:42:00,10.0.0.15,172.16.0.9,3306,TCP,46.0,4.298,1,normal,167772175,2886729737,0,1,0,1.1065966049318507,-0.2402246302966025,-0.3000596108123327,-0.1965250609147609,-0.3012483497258947,-1.3918280745277392,13,42,1,4,4,3,1,2.838,1,10.700162828564782,Access to restricted port,True,rule_based
2026-04-02 13:47:00,203.0.113.20,172.16.0.2,21,TCP,707.0,0.723,56,attack,3405803796,2886729730,0,1,0,-0.4425170141539779,1.9539926160933765,-1.132600040881374,4.885700983053572,3.3195226693583963,-1.6971300445376523,13,47,1,6,6,5,1,0.5741666666666667,236,976.5193370165746,Access to restricted port; Repeated failed login attempts,True,rule_based
2026-04-02 14:02:00,10.0.0.137,172.16.0.29,3306,TCP,43.0,1.846,0,normal,167772297,2886729757,0,1,0,1.1065966049318507,-0.2501832562257552,-0.871077550540805,-0.2889291708050942,-0.30124821330534174,-0.519536731642273,14,2,1,5,5,4,1,4.7490000000000006,0,23.280996210070384,Access to restricted port,True,rule_based
2026-04-02 14:47:00,203.0.113.29,172.16.0.44,5900,TCP,1623.1199999999972,1.016,23,attack,3405803805,2886729772,0,1,0,2.3298540563500056,4.995091411498493,-1.064366657382009,1.8363653566725724,3.3195226794222075,0.13468177552182659,14,47,1,11,11,7,2,0.38517454545454544,432,1595.9882005899678,Access to restricted port; Repeated failed login attempts,True,rule_based
2026-04-02 14:49:00,10.0.0.63,172.16.0.40,3306,TCP,27.0,15.532,0,normal,167772223,2886729768,0,1,0,1.1065966049318507,-0.30329592784790294,2.316096806361264,-0.2889291708050942,-0.3012482960522345,-0.03977649305526665,14,49,1,6,6,3,1,6.871666666666667,0,1.738234726067083,Access to restricted port,True,rule_based
2026-04-02 14:51:00,203.0.113.15,172.16.0.10,23,UDP,1243.0,0.326,28,attack,3405803791,2886729738,0,0,1,-0.44157387039806567,3.7332671154353263,-1.2250527823463835,2.2983859061242393,3.31952266376739,-1.3482135073834658,14,51,1,11,10,6,3,0.6446363636363637,431,3801.223241590214,Access to restricted port; Repeated failed login attempts,True,rule_based
2026-04-02 14:52:00,203.0.113.29,172.16.0.32,3389,TCP,291.0,0.17298,39,attack,3405803805,2886729760,0,1,0,1.145737070802208,0.573063153917535,-1.260687841537758,3.3148311149179057,3.3195226794222075,-0.38869303020945306,14,52,1,11,11,7,2,0.38517454545454544,432,1672.6060466720312,Access to restricted port; Repeated failed login attempts,True,rule_based
2026-04-02 14:57:00,203.0.113.34,172.16.0.7,23,TCP,1356.0,0.17298,15,attack,3405803810,2886729735,0,1,0,-0.44157387039806567,4.108375358766745,-1.260687841537758,1.0971324775499058,3.319522685013214,-1.4790572088162857,14,57,1,9,9,5,2,0.5548822222222223,286,7793.999310265548,Access to restricted port; Repeated failed login attempts,True,rule_based
2026-04-02 14:59:00,203.0.113.30,172.16.0.75,21,UDP,342.0,0.8,14,attack,3405803806,2886729803,0,0,1,-0.4425170141539779,0.7423597947131311,-1.1146684008491174,1.0047283676595724,3.3195226805404086,1.486733356994299,14,59,1,9,8,7,2,0.589,280,426.96629213483146,Access to restricted port; Repeated failed login attempts,True,rule_based
2026-04-02 15:14:00,203.0.113.33,172.16.0.6,25,TCP,1049.0,1.163,10,attack,3405803809,2886729734,0,1,0,-0.4406307266421534,3.089275972016785,-1.0301335264113378,0.6351119280982391,3.3195226838950123,-1.522671775960559,15,14,1,7,6,5,2,0.70714,200,901.2027491408935,Access to restricted port; Repeated failed login attempts,True,rule_based
2026-04-02 15:24:00,203.0.113.12,172.16.0.71,5900,TCP,723.0,0.388,30,attack,3405803788,2886729799,0,1,0,2.3298540563500056,2.0071052877155244,-1.2106143189437875,2.4831941259049057,3.3195226604127863,1.3122750884172059,15,24,1,9,9,4,3,0.4834355555555556,377,1858.611825192802,Access to restricted port; Repeated failed login attempts,True,rule_based
2026-04-02 15:36:00,203.0.113.19,172.16.0.34,6667,TCP,1623.1199999999972,0.989,56,attack,3405803795,2886729762,0,1,0,2.691549686742344,4.995091411498493,-1.0706543753153976,4.885700983053572,3.319522668240195,-0.3014638959209065,15,36,1,5,4,3,1,0.567,185,1639.5151515151488,Access to restricted port; Repeated failed login attempts,True,rule_based
2026-04-02 15:54:00,203.0.113.29,172.16.0.40,23,UDP,938.0,0.315,46,attack,3405803805,2886729768,0,0,1,-0.44157387039806567,2.7208068126381346,-1.2276144452081341,3.961659884150239,3.3195226794222075,-0.03977649305526665,15,54,1,11,11,7,2,0.38517454545454544,432,2968.3544303797466,Access to restricted port; Repeated failed login attempts,True,rule_based
2026-04-02 15:59:00,203.0.113.18,172.16.0.48,6667,UDP,616.0,0.964,34,attack,3405803794,2886729776,0,0,1,2.691549686742344,1.6519142962424114,-1.0764763363648313,2.852810565466239,3.3195226671219937,0.3091400440989198,15,59,1,10,9,7,2,0.700096,292,638.3419689119171,Access to restricted port; Repeated failed login attempts,True,rule_based
2026-04-02 16:18:00,10.0.0.122,172.16.0.68,3306,TCP,40.0,8.296,0,normal,167772282,2886729796,0,1,0,1.1065966049318507,-0.2601418821549079,0.6309884002131291,-0.2889291708050942,-0.30124823007836055,1.181431386984386,16,18,1,8,8,3,2,6.178875,0,4.821019645655057,Access to restricted port,True,rule_based
2026-04-02 16:22:00,203.0.113.33,172.16.0.45,25,TCP,1516.0,0.436,17,attack,3405803809,2886729773,0,1,0,-0.4406307266421534,4.639502074988223,-1.1994361537288745,1.2819406973305725,3.3195226838950123,0.17829634266609987,16,22,1,7,6,5,2,0.70714,200,3469.107551487414,Access to restricted port; Repeated failed login attempts,True,rule_based
2026-04-02 16:29:00,203.0.113.31,172.16.0.19,25,UDP,956.0,0.17298,25,attack,3405803807,2886729747,0,0,1,-0.4406307266421534,2.780558568213051,-1.260687841537758,2.021173576453239,3.31952268165861,-0.9556824030850061,16,29,1,8,7,6,1,0.59862,257,5494.884469479251,Access to restricted port; Repeated failed login attempts,True,rule_based
2026-04-02 17:15:00,203.0.113.26,172.16.0.65,6667,TCP,1404.0,0.786,56,attack,3405803802,2886729793,0,1,0,2.691549686742344,4.267713373633188,-1.1179286990368005,4.885700983053572,3.3195226760676038,1.050587685551566,17,15,1,12,12,5,3,0.4252466666666666,451,1783.989834815756,Access to restricted port; Repeated failed login attempts,True,rule_based
2026-04-02 17:19:00,10.0.0.58,172.16.0.50,3306,UDP,34.0,2.474,0,normal,167772218,2886729778,0,0,1,1.1065966049318507,-0.2800591340132133,-0.7248298889790266,-0.2889291708050942,-0.3012483016432408,0.3963691783874664,17,19,1,7,7,4,1,4.247428571428571,0,13.737373737373737,Access to restricted port,True,rule_based
2026-04-02 17:20:00,10.0.1.19,172.16.0.73,3306,TCP,33.0,1.088,0,normal,167772435,2886729801,0,1,0,1.1065966049318507,-0.28337867598959754,-1.0475994095596395,-0.2889291708050942,-0.30124805899356866,1.3995042227057524,17,20,1,8,6,4,1,3.295875,0,30.303030303030305,Access to restricted port,True,rule_based
2026-04-02 17:23:00,203.0.113.18,172.16.0.33,21,UDP,843.0,0.585,11,attack,3405803794,2886729761,0,0,1,-0.4425170141539779,2.4054503248816324,-1.1647372658742485,0.7275160379885725,3.3195226671219937,-0.34507846306517975,17,23,1,10,9,7,2,0.700096,292,1438.566552901024,Access to restricted port; Repeated failed login attempts,True,rule_based
2026-04-02 17:27:00,203.0.113.22,172.16.0.74,21,TCP,1623.1199999999972,0.985,54,attack,3405803798,2886729802,0,1,0,-0.4425170141539779,4.995091411498493,-1.071585889083307,4.700892763272906,3.3195226715947985,1.4431187898500257,17,27,1,9,7,6,1,0.6967777777777777,398,1646.1663286004027,Access to restricted port; Repeated failed login attempts,True,rule_based
2026-04-02 17:28:00,10.0.0.222,172.16.0.75,3306,TCP,28.0,3.834,0,normal,167772382,2886729803,0,1,0,1.1065966049318507,-0.2999763858715187,-0.40811520788982497,-0.2889291708050942,-0.3012481182582351,1.486733356994299,17,28,1,5,5,3,1,4.8432,0,7.301173402868319,Access to restricted port,True,rule_based
2026-04-02 17:35:00,203.0.113.34,172.16.0.18,25,UDP,611.0,1.13,11,attack,3405803810,2886729746,0,0,1,-0.4406307266421534,1.6353165863604902,-1.0378185149965906,0.7275160379885725,3.319522685013214,-0.9992969702292793,17,35,1,9,9,5,1,0.5548822222222223,286,540.2298850574714,Access to restricted port; Repeated failed login attempts,True,rule_based
